// Adaptive-tessellation pattern table, generated from the NVIDIA
// `vk_tessellated_clusters` sample's Epic Games table:
//   thirdparty/epicgames_tessellation/tessellation_table_epicgames_raw.hpp
// Pattern of Epic Games, Inc. — Unreal Engine 5.3 (https://www.unrealengine.com/en-US/eula/unreal).
// Per-edge tessellation configs (≤11 segments/edge, ≤128 tris/cluster) with
// symmetric pattern reuse, designed by Brian Karis (Epic). Do not hand-edit.
#![allow(clippy::all)]

/// Max segments per triangle edge (table covers 1..=11).
pub const MAX_EDGE_SEGMENTS: u32 = 11;
/// Distinct subdivision configs stored (symmetric permutations folded out).
pub const MAX_CONFIGS: usize = 286;

/// Per-vertex barycentric UV, packed as two 16-bit fixed-point values
/// (`1 << 15` == 1.0): `u = lo16 / 32768`, `v = hi16 / 32768`.
#[rustfmt::skip]
pub static VERTICES: [u32; 7131] = [
  0x00000000,0x00008000,0x80000000,0x00000000,0x00004000,0x80000000,0x00008000,0x00000000,0x00004000,0x80000000,
  0x00008000,0x40004000,0x00000000,0x00004000,0x40000000,0x40004000,0x80000000,0x00008000,0x00000000,0x00002aab,
  0x80000000,0x00005555,0x00008000,0x00000000,0x00002aab,0x80000000,0x00005555,0x40004000,0x00008000,0x33332666,
  0x40004000,0x80000000,0x00002aab,0x40000000,0x00000000,0x00005555,0x00008000,0x00000000,0x00002aab,0x80000000,
  0x00005555,0x2aab5555,0x55552aab,0x00008000,0x40000000,0x55552aab,0x80000000,0x2aab5555,0x00005555,0x00008000,
  0x00000000,0x00002aab,0x26663333,0x00000000,0x00002aab,0x2aab0000,0x2aab2aab,0x55550000,0x00005555,0x55552aab,
  0x80000000,0x2aab5555,0x00008000,0x00000000,0x00002000,0x80000000,0x00004000,0x00006000,0x00008000,0x00000000,
  0x00002000,0x80000000,0x00004000,0x00006000,0x40004000,0x00008000,0x40000000,0x00004000,0x80000000,0x00006000,
  0x40004000,0x00000000,0x00002000,0x00008000,0x00000000,0x00002000,0x80000000,0x00004000,0x00006000,0x2aab5555,
  0x55552aab,0x00008000,0x40000000,0x37771bbc,0x80000000,0x00004000,0x00006000,0x2aab5555,0x00000000,0x00002000,
  0x55552aab,0x00008000,0x55550000,0x56a31291,0x80000000,0x2aab5555,0x00006000,0x00008000,0x2aab0000,0x00000000,
  0x00002000,0x55552aab,0x232d3feb,0x2fe11f98,0x00004000,0x00000000,0x00002000,0x60002000,0x00004000,0x00006000,
  0x20006000,0x40004000,0x80000000,0x00008000,0x40000000,0x60002000,0x80000000,0x00004000,0x00006000,0x20006000,
  0x00000000,0x00002000,0x40004000,0x2ccd2666,0x00008000,0x55550000,0x2d2d25a6,0x60002000,0x1c3c4788,0x00004000,
  0x2aab0000,0x00000000,0x00002000,0x80000000,0x40004000,0x20006000,0x00006000,0x00008000,0x00000000,0x00002000,
  0x20000000,0x20002000,0x40000000,0x00004000,0x40002000,0x60000000,0x20004000,0x00006000,0x60002000,0x80000000,
  0x40004000,0x20006000,0x00008000,0x00000000,0x0000199a,0x80000000,0x00003333,0x00004ccd,0x00006666,0x00008000,
  0x00000000,0x0000199a,0x80000000,0x00004ccd,0x00003333,0x00006666,0x40004000,0x00008000,0x80000000,0x0000199a,
  0x00003333,0x40004000,0x00006666,0x00008000,0x40000000,0x00000000,0x00004ccd,0x00000000,0x0000199a,0x80000000,
  0x2aab5555,0x00006666,0x00008000,0x55552aab,0x00003333,0x00004ccd,0x40000000,0x00003333,0x80000000,0x2aab5555,
  0x00006666,0x00008000,0x00000000,0x0000199a,0x55552aab,0x00004ccd,0x2aab0000,0x00003333,0x55550000,0x2aab5555,
  0x00006666,0x00008000,0x00000000,0x0000199a,0x3bbc2222,0x55552aab,0x00004ccd,0x80000000,0x00000000,0x0000199a,
  0x80000000,0x00004ccd,0x40004000,0x00003333,0x60002000,0x00006666,0x20006000,0x00008000,0x40000000,0x399a15c3,
  0x80000000,0x00006666,0x00008000,0x20006000,0x00000000,0x0000199a,0x00004ccd,0x40004000,0x00003333,0x60002000,
  0x55550000,0x2a781793,0x4fc51409,0x180054cd,0x40004000,0x00004ccd,0x2aab0000,0x00000000,0x0000199a,0x60002000,
  0x2f0a2c9a,0x00003333,0x00006666,0x00008000,0x20006000,0x80000000,0x60000000,0x60002000,0x80000000,0x00004ccd,
  0x240e31f6,0x00003333,0x20000000,0x1ff418bc,0x40000000,0x40004000,0x46582185,0x20006000,0x1a694dd5,0x0000199a,
  0x3bac15a5,0x00000000,0x00006666,0x00008000,0x399a0ccd,0x80000000,0x00000000,0x00004ccd,0x33334ccd,0x00003333,
  0x4ccd3333,0x00006666,0x199a6666,0x0000199a,0x6666199a,0x00008000,0x6666199a,0x80000000,0x40000000,0x00004ccd,
  0x00006666,0x199a6666,0x00000000,0x0000199a,0x4ccd3333,0x00003333,0x33334ccd,0x30a41eb8,0x00008000,0x41c7127d,
  0x6666199a,0x55550000,0x00004ccd,0x33334ccd,0x25c035ce,0x2aab0000,0x00000000,0x0000199a,0x4ccd3333,0x00006666,
  0x199a6666,0x22f41ed9,0x3f8923fd,0x00003333,0x00008000,0x80000000,0x60000000,0x6666199a,0x80000000,0x00004ccd,
  0x24003800,0x00003333,0x20000000,0x21591a8f,0x40000000,0x4ccd3333,0x44171a8f,0x33334ccd,0x168f52e1,0x199a6666,
  0x0000199a,0x00006666,0x00000000,0x00008000,0x00000000,0x0000199a,0x199a0000,0x199a199a,0x33330000,0x00003333,
  0x3333199a,0x4ccd0000,0x199a3333,0x00004ccd,0x4ccd199a,0x66660000,0x33333333,0x199a4ccd,0x00006666,0x6666199a,
  0x80000000,0x4ccd3333,0x33334ccd,0x199a6666,0x00008000,0x00000000,0x00001555,0x80000000,0x00004000,0x00005555,
  0x00006aab,0x00008000,0x00002aab,0x00000000,0x00001555,0x80000000,0x00005555,0x00004000,0x00006aab,0x40004000,
  0x00002aab,0x00008000,0x00001555,0x80000000,0x40000000,0x00005555,0x00004000,0x00000000,0x00006aab,0x40004000,
  0x00002aab,0x00008000,0x00000000,0x00001555,0x80000000,0x2aab5555,0x00006aab,0x00008000,0x00005555,0x55552aab,
  0x00004000,0x00002aab,0x00001555,0x80000000,0x40000000,0x00006aab,0x00008000,0x2aab5555,0x00000000,0x55552aab,
  0x00002aab,0x00005555,0x00004000,0x00002aab,0x00004000,0x55550000,0x2aab5555,0x00006aab,0x00008000,0x2aab0000,
  0x00000000,0x00001555,0x55552aab,0x00005555,0x80000000,0x00000000,0x00001555,0x80000000,0x00005555,0x40004000,
  0x00004000,0x60002000,0x00006aab,0x20006000,0x00002aab,0x00008000,0x80000000,0x00001555,0x00002aab,0x00005555,
  0x40004000,0x00004000,0x40000000,0x00000000,0x60002000,0x20006000,0x00006aab,0x00008000,0x55550000,0x3ada205e,
  0x80000000,0x00005555,0x2bc5378a,0x00004000,0x2aab0000,0x00000000,0x00001555,0x60002000,0x40004000,0x00006aab,
  0x20006000,0x20001000,0x00002aab,0x00008000,0x520416fe,0x2d093610,0x60002000,0x00005555,0x00004000,0x1c351294,
  0x00001555,0x00002aab,0x2d091ce6,0x40000000,0x40004000,0x1c355136,0x20000000,0x00006aab,0x20006000,0x80000000,
  0x60000000,0x00000000,0x00008000,0x00001555,0x80000000,0x00000000,0x00005555,0x33334ccd,0x00004000,0x4ccd3333,
  0x00006aab,0x199a6666,0x6666199a,0x00002aab,0x00008000,0x38f015c6,0x40000000,0x00001555,0x00005555,0x33334ccd,
  0x00004000,0x00000000,0x4ccd3333,0x199a6666,0x80000000,0x00002aab,0x00006aab,0x00008000,0x2f3a290c,0x6666199a,
  0x55550000,0x2af91455,0x516c1152,0x00005555,0x33334ccd,0x23483f9a,0x2aab0000,0x00000000,0x00001555,0x4ccd3333,
  0x00006aab,0x199a6666,0x306928ad,0x00004000,0x6666199a,0x00002aab,0x00008000,0x80000000,0x5b8e1018,0x400e12ec,
  0x435223f2,0x00005555,0x23df3eff,0x00004000,0x20000000,0x203714a1,0x40000000,0x4ccd3333,0x33334ccd,0x168956d7,
  0x199a6666,0x00001555,0x213f28dc,0x00006aab,0x80000000,0x60000000,0x00002aab,0x00000000,0x00008000,0x6666199a,
  0x66660000,0x6666199a,0x80000000,0x00005555,0x172a3e3f,0x00004000,0x199a0000,0x18b61585,0x33330000,0x18b651c5,
  0x00006aab,0x471e1c71,0x304d1686,0x2acf2a99,0x00001555,0x304d392d,0x33334ccd,0x4ccd3333,0x172a2a98,0x4ccd0000,
  0x00002aab,0x00000000,0x00008000,0x199a6666,0x55552aab,0x00002aab,0x00004000,0x00005555,0x00006aab,0x15556aab,
  0x40004000,0x2aab5555,0x00001555,0x80000000,0x00000000,0x6aab1555,0x00008000,0x35ba148b,0x40000000,0x00001555,
  0x00005555,0x2aab5555,0x00004000,0x00000000,0x40004000,0x55552aab,0x2c3f2782,0x15556aab,0x6aab1555,0x80000000,
  0x00006aab,0x00008000,0x00002aab,0x55550000,0x43a60fc7,0x6aab1555,0x00005555,0x00006aab,0x15556aab,0x2aab0000,
  0x00000000,0x00001555,0x1d664575,0x00004000,0x2aab5555,0x24511a91,0x2854309f,0x40004000,0x55552aab,0x43421efe,
  0x00002aab,0x00008000,0x80000000,0x46f11683,0x2f321013,0x2c401f81,0x00005555,0x1d1744d4,0x00004000,0x20000000,
  0x18c71a5b,0x19362e90,0x2aab5555,0x129e5a91,0x15556aab,0x00001555,0x40004000,0x35232e03,0x6aab1555,0x55552aab,
  0x00002aab,0x00000000,0x00006aab,0x00008000,0x40000000,0x60000000,0x80000000,0x66660000,0x6aab1555,0x80000000,
  0x00005555,0x112845f1,0x00004000,0x15556aab,0x2aab5555,0x13e756b3,0x55552aab,0x3a2f2c20,0x40004000,0x00006aab,
  0x26414241,0x1b9e2f6b,0x507815ca,0x1a4f1657,0x00001555,0x00002aab,0x199a0000,0x00000000,0x00008000,0x356e169d,
  0x4ccd0000,0x33330000,0x00000000,0x00001555,0x15550000,0x15551555,0x2aab0000,0x00002aab,0x2aab1555,0x40000000,
  0x15552aab,0x00004000,0x40001555,0x55550000,0x2aab2aab,0x15554000,0x00005555,0x55551555,0x6aab0000,0x40002aab,
  0x2aab4000,0x15555555,0x00006aab,0x6aab1555,0x80000000,0x55552aab,0x40004000,0x2aab5555,0x15556aab,0x00008000,
  0x00000000,0x00001249,0x80000000,0x000036db,0x00004925,0x00005b6e,0x00006db7,0x00002492,0x00008000,0x00000000,
  0x00001249,0x80000000,0x40004000,0x00006db7,0x00008000,0x00005b6e,0x00004925,0x000036db,0x00002492,0x00002492,
  0x40000000,0x00001249,0x00006db7,0x80000000,0x00005b6e,0x00000000,0x00008000,0x40004000,0x00004925,0x000036db,
  0x00000000,0x00001249,0x80000000,0x00006db7,0x55552aab,0x00005b6e,0x00004925,0x000036db,0x00002492,0x2aab5555,
  0x00008000,0x00001249,0x80000000,0x40000000,0x00005b6e,0x2aab5555,0x55552aab,0x00000000,0x00006db7,0x00002492,
  0x000036db,0x00004925,0x00008000,0x00006db7,0x00008000,0x2aab5555,0x00005b6e,0x2aab0000,0x00000000,0x00001249,
  0x55552aab,0x55550000,0x80000000,0x000036db,0x00004925,0x00002492,0x00000000,0x00001249,0x80000000,0x60002000,
  0x000036db,0x00004925,0x00005b6e,0x40004000,0x20006000,0x00002492,0x00006db7,0x00008000,0x00002492,0x40000000,
  0x00001249,0x00004925,0x80000000,0x000036db,0x00000000,0x60002000,0x00005b6e,0x40004000,0x20006000,0x00006db7,
  0x00008000,0x00006db7,0x00008000,0x20006000,0x00004925,0x60002000,0x000036db,0x2aab0000,0x00000000,0x00001249,
  0x40004000,0x00005b6e,0x00002492,0x55550000,0x80000000,0x2ba33b19,0x40004000,0x60002000,0x00004925,0x3a2f22e9,
  0x000036db,0x40000000,0x20000000,0x00001249,0x2ba31944,0x00002492,0x00005b6e,0x80000000,0x60000000,0x00000000,
  0x00006db7,0x20006000,0x00008000,0x00000000,0x00001249,0x80000000,0x00004925,0x6666199a,0x000036db,0x4ccd3333,
  0x33334ccd,0x00005b6e,0x199a6666,0x00002492,0x00006db7,0x00008000,0x80000000,0x00001249,0x00002492,0x000036db,
  0x40000000,0x00000000,0x4ccd3333,0x00005b6e,0x33334ccd,0x199a6666,0x00004925,0x6666199a,0x00006db7,0x00008000,
  0x00002492,0x3c9e1b3d,0x55550000,0x00004925,0x2ff72e68,0x000036db,0x2aab0000,0x00000000,0x00001249,0x20000db7,
  0x33334ccd,0x4ccd3333,0x00005b6e,0x199a6666,0x6666199a,0x00006db7,0x00008000,0x80000000,0x57121283,0x2df31b3c,
  0x3f0227ba,0x00004925,0x24b04004,0x1d2133cc,0x1c64106b,0x00001249,0x00002492,0x000036db,0x33334ccd,0x00005b6e,
  0x199a6666,0x20000000,0x4ccd3333,0x80000000,0x60000000,0x40000000,0x00000000,0x00006db7,0x6666199a,0x00008000,
  0x5dc21210,0x47f026bb,0x6666199a,0x00004925,0x28e734d7,0x1be92e82,0x1648101d,0x00001249,0x00002492,0x33334ccd,
  0x4ccd3333,0x35ba3ab5,0x1bca49f7,0x199a0000,0x400b19fb,0x66660000,0x229b19b8,0x000036db,0x00000000,0x4ccd0000,
  0x80000000,0x33330000,0x00006db7,0x00008000,0x199a6666,0x00005b6e,0x14eb5adc,0x00001249,0x80000000,0x00000000,
  0x00004925,0x40004000,0x000036db,0x55552aab,0x2aab5555,0x00005b6e,0x15556aab,0x6aab1555,0x00002492,0x00006db7,
  0x00008000,0x00001249,0x3a1d127f,0x40000000,0x320622c9,0x00002492,0x000036db,0x00000000,0x80000000,0x2aab5555,
  0x00005b6e,0x15556aab,0x25553aab,0x00004925,0x55552aab,0x6aab1555,0x40004000,0x00006db7,0x00008000,0x52ec0ec0,
  0x32f822fd,0x6aab1555,0x26373951,0x1cfa4a3f,0x40004000,0x2aab0000,0x00000000,0x00001249,0x55552aab,0x2aab5555,
  0x00005b6e,0x15556aab,0x2ba6116f,0x00002492,0x80000000,0x00006db7,0x55550000,0x00008000,0x00004925,0x000036db,
  0x5df30db0,0x41e510b0,0x49311e6d,0x00004925,0x1789394a,0x000036db,0x20000000,0x20e01238,0x40000000,0x55552aab,
  0x33f63268,0x40004000,0x2aab5555,0x00005b6e,0x15556aab,0x00001249,0x1e5c4644,0x80000000,0x60000000,0x235a25c8,
  0x00002492,0x00000000,0x00006db7,0x6aab1555,0x00008000,0x66660000,0x6aab1555,0x80000000,0x29f92460,0x1e4933fd,
  0x3d012423,0x18eb248e,0x000036db,0x55552aab,0x361f359c,0x40004000,0x12cc5d48,0x1dfb4941,0x00005b6e,0x00004925,
  0x33af14d2,0x199112b4,0x00002492,0x505011f8,0x4ccd0000,0x00001249,0x199a0000,0x00000000,0x53541d87,0x2aab5555,
  0x33330000,0x00006db7,0x00008000,0x15556aab,0x6aab0000,0x6aab1555,0x80000000,0x10f038f6,0x141d4696,0x28a72edd,
  0x2aab0000,0x21b812c9,0x40000000,0x40004000,0x3fda2d0d,0x2a0d42b5,0x15075868,0x138b0eba,0x3431160e,0x17eb2759,
  0x00002492,0x559016bb,0x00001249,0x15550000,0x00000000,0x41851b57,0x55550000,0x2aab5555,0x00006db7,0x00008000,
  0x15556aab,0x00004925,0x55552aab,0x00005b6e,0x000036db,0x6db71249,0x80000000,0x00000000,0x00004925,0x36db4925,
  0x000036db,0x492536db,0x24925b6e,0x00005b6e,0x12496db7,0x00001249,0x5b6e2492,0x00002492,0x00006db7,0x00008000,
  0x2b6e2a0f,0x492536db,0x5b6e2492,0x00002492,0x000036db,0x46db0ccd,0x40000000,0x00001249,0x00000000,0x24925b6e,
  0x00005b6e,0x12496db7,0x80000000,0x6db71249,0x00004925,0x34921b6e,0x36db4925,0x00006db7,0x00008000,0x16db5249,
  0x00004925,0x00005b6e,0x36db4925,0x22993b58,0x2aab0000,0x00000000,0x00001249,0x492536db,0x24925b6e,0x12496db7,
  0x294213c6,0x2cff28b9,0x00002492,0x000036db,0x5b6e2492,0x4a8c1712,0x00006db7,0x55550000,0x00008000,0x6db71249,
  0x80000000,0x4f180d47,0x40000000,0x351b13d0,0x00004925,0x1c66373a,0x000036db,0x3b932d51,0x30d13c8a,0x492536db,
  0x22d40d2b,0x00001249,0x190a1bbd,0x24925b6e,0x00005b6e,0x12496db7,0x20000000,0x36db4925,0x1c1c4a27,0x134a2a2a,
  0x00002492,0x5b6e2492,0x48a81c48,0x00000000,0x00006db7,0x60000000,0x6db71249,0x80000000,0x00008000,0x2b03246c,
  0x356d137c,0x4ccd0000,0x33330000,0x00004925,0x1a503993,0x000036db,0x1b352606,0x5b6e2492,0x6db71249,0x51d71336,
  0x10275ffd,0x19ea4da6,0x00005b6e,0x1a3d12ba,0x199a0000,0x00001249,0x394428f0,0x2f803cd5,0x492536db,0x36db4925,
  0x00002492,0x00000000,0x66660000,0x80000000,0x00006db7,0x00008000,0x12496db7,0x24925b6e,0x6aab0000,0x6db71249,
  0x80000000,0x00004925,0x163b39b2,0x000036db,0x571811d3,0x417b0fca,0x3ff1244a,0x00005b6e,0x192b4d20,0x24925b6e,
  0x10015fe2,0x305d0ca1,0x2c2a1bfe,0x2e843929,0x492536db,0x40000000,0x5b6e2492,0x197f135d,0x00002492,0x15f1280e,
  0x15550000,0x00000000,0x00001249,0x55550000,0x2aab0000,0x27c22bd7,0x00006db7,0x00008000,0x12496db7,0x36db4925,
  0x00000000,0x00001249,0x12490000,0x12491249,0x24920000,0x00002492,0x24921249,0x36db0000,0x12492492,0x000036db,
  0x36db1249,0x49250000,0x24922492,0x124936db,0x00004925,0x49251249,0x5b6e0000,0x36db2492,0x249236db,0x12494925,
  0x00005b6e,0x5b6e1249,0x6db70000,0x49252492,0x36db36db,0x24924925,0x12495b6e,0x00006db7,0x6db71249,0x80000000,
  0x5b6e2492,0x492536db,0x36db4925,0x24925b6e,0x12496db7,0x00008000,0x00000000,0x00001000,0x80000000,0x00004000,
  0x00005000,0x00006000,0x00007000,0x00002000,0x00003000,0x00008000,0x00000000,0x00001000,0x80000000,0x00005000,
  0x00004000,0x00007000,0x40004000,0x00002000,0x00003000,0x00006000,0x00008000,0x80000000,0x00002000,0x00003000,
  0x00005000,0x00004000,0x40000000,0x00000000,0x00001000,0x00006000,0x40004000,0x00007000,0x00008000,0x00000000,
  0x00001000,0x80000000,0x00007000,0x55552aab,0x00006000,0x00005000,0x00004000,0x00002000,0x00003000,0x2aab5555,
  0x00008000,0x80000000,0x00002000,0x00003000,0x00006000,0x2aab5555,0x55552aab,0x40000000,0x00000000,0x00001000,
  0x00007000,0x00004000,0x00005000,0x00008000,0x00002000,0x80000000,0x55550000,0x2aab5555,0x00007000,0x00008000,
  0x2aab0000,0x00000000,0x00001000,0x00006000,0x00003000,0x00004000,0x00005000,0x55552aab,0x00000000,0x00001000,
  0x80000000,0x60002000,0x00004000,0x00005000,0x00006000,0x40004000,0x20006000,0x00002000,0x00003000,0x00007000,
  0x00008000,0x80000000,0x00002000,0x00003000,0x60002000,0x00004000,0x00005000,0x40000000,0x00000000,0x00001000,
  0x40004000,0x00006000,0x20006000,0x00007000,0x00008000,0x00002000,0x80000000,0x55550000,0x00005000,0x00004000,
  0x2aab0000,0x00000000,0x00001000,0x00007000,0x00008000,0x20006000,0x40004000,0x00006000,0x00003000,0x60002000,
  0x00006000,0x40004000,0x00005000,0x60002000,0x00004000,0x40000000,0x20000000,0x00002000,0x00001000,0x20006000,
  0x60000000,0x80000000,0x00003000,0x00000000,0x00007000,0x00008000,0x00000000,0x00001000,0x80000000,0x00005000,
  0x6666199a,0x00004000,0x4ccd3333,0x33334ccd,0x00006000,0x199a6666,0x00003000,0x00002000,0x00007000,0x00008000,
  0x80000000,0x00002000,0x00003000,0x00005000,0x6666199a,0x00004000,0x40000000,0x00000000,0x00001000,0x4ccd3333,
  0x33334ccd,0x00006000,0x199a6666,0x00007000,0x00008000,0x80000000,0x00002000,0x00003000,0x00005000,0x4ccd3333,
  0x00004000,0x2aab0000,0x00000000,0x00001000,0x00007000,0x00008000,0x199a6666,0x33334ccd,0x00006000,0x55550000,
  0x6666199a,0x2bf215fe,0x60000000,0x40000000,0x00005000,0x2fc93227,0x00004000,0x20000000,0x00002000,0x4ccd3333,
  0x33334ccd,0x00006000,0x199a6666,0x6666199a,0x3bbc1df7,0x80000000,0x00003000,0x00000000,0x00001000,0x00007000,
  0x00008000,0x66660000,0x42b51467,0x5c3b1148,0x00005000,0x19d63ac9,0x00004000,0x1f9f2a55,0x33334ccd,0x4ccd3333,
  0x23ea4333,0x199a0000,0x00001000,0x16780e15,0x238b1667,0x00002000,0x00003000,0x6666199a,0x3da52866,0x00000000,
  0x00006000,0x80000000,0x4ccd0000,0x00007000,0x00008000,0x199a6666,0x33330000,0x00001000,0x80000000,0x00000000,
  0x00005000,0x40004000,0x00004000,0x55552aab,0x2aab5555,0x00006000,0x15556aab,0x00003000,0x6aab1555,0x00002000,
  0x00007000,0x00008000,0x00002000,0x6aab1555,0x80000000,0x00005000,0x40004000,0x00004000,0x40000000,0x00000000,
  0x00001000,0x55552aab,0x2aab5555,0x00006000,0x15556aab,0x00003000,0x00007000,0x00008000,0x27843ab6,0x303d2ae3,
  0x00004000,0x00005000,0x40004000,0x2aab0000,0x00000000,0x00001000,0x55552aab,0x2aab5555,0x00006000,0x15556aab,
  0x39eb169f,0x80000000,0x55550000,0x00003000,0x6aab1555,0x00007000,0x252f0e20,0x00002000,0x00008000,0x4fee10ba,
  0x25581b2d,0x319b282e,0x00005000,0x25fa3d5d,0x00004000,0x40000000,0x20000000,0x208d0e7a,0x1cee4d57,0x00006000,
  0x2aab5555,0x15556aab,0x60000000,0x3df70bad,0x40004000,0x00001000,0x00002000,0x6aab1555,0x55552aab,0x00000000,
  0x00007000,0x80000000,0x00003000,0x00008000,0x40004000,0x55552aab,0x352b33f8,0x00005000,0x187e3db1,0x00004000,
  0x33330000,0x199a0000,0x14d60e9b,0x61690dce,0x66660000,0x4a1d10b8,0x4be11ef8,0x1b5f1906,0x00002000,0x1eb9492a,
  0x26942753,0x15556aab,0x2aab5555,0x00006000,0x00003000,0x80000000,0x6aab1555,0x00000000,0x00001000,0x4ccd0000,
  0x359d1037,0x00007000,0x00008000,0x513c1e39,0x6aab1555,0x64c30d9f,0x80000000,0x37d92414,0x1cbc3a04,0x3991331b,
  0x39911353,0x55550000,0x40000000,0x2aab5555,0x1e434ba8,0x12da5f22,0x00002000,0x12da0e04,0x00001000,0x40004000,
  0x00006000,0x513c108b,0x6aab0000,0x00003000,0x1e431616,0x15550000,0x00000000,0x2aab0000,0x55552aab,0x1cbc2940,
  0x00007000,0x00008000,0x15556aab,0x00005000,0x00004000,0x00001000,0x80000000,0x00000000,0x00005000,0x36db4925,
  0x00004000,0x492536db,0x24925b6e,0x00006000,0x12496db7,0x6db71249,0x00002000,0x5b6e2492,0x00003000,0x00007000,
  0x00008000,0x3af51014,0x6db71249,0x80000000,0x00005000,0x36db4925,0x00004000,0x40000000,0x00000000,0x00001000,
  0x492536db,0x24925b6e,0x00006000,0x12496db7,0x292532db,0x5b6e2492,0x00003000,0x00007000,0x34051e30,0x00008000,
  0x00002000,0x540e0cc4,0x6db71249,0x80000000,0x00005000,0x36db4925,0x21fd4056,0x2aab0000,0x00000000,0x00001000,
  0x00004000,0x24925b6e,0x00006000,0x12496db7,0x2c2f0f30,0x55550000,0x29ef31b0,0x492536db,0x350c1e5b,0x00002000,
  0x00003000,0x5b6e2492,0x00007000,0x16db5525,0x00008000,0x345221b4,0x3fed1174,0x1d8a2083,0x193750cf,0x22a83f78,
  0x00005000,0x40000000,0x20000000,0x1f941054,0x00006000,0x24925b6e,0x12496db7,0x00002000,0x36db4925,0x492536db,
  0x60000000,0x5b6e2492,0x3bf52be1,0x00000000,0x00001000,0x00007000,0x5f480c90,0x80000000,0x4ec61b14,0x1d692f98,
  0x00004000,0x6db71249,0x00008000,0x00003000,0x48a90d99,0x4ccd0000,0x32c40eee,0x00005000,0x1a983eb9,0x00004000,
  0x33330000,0x199a0000,0x19960fac,0x34661d3b,0x50f117d2,0x66660000,0x00007000,0x24925b6e,0x00006000,0x1ba64dac,
  0x2fdc3eba,0x390d2d3c,0x5b6e2492,0x492536db,0x36db4925,0x19f51f17,0x00002000,0x00003000,0x00000000,0x00001000,
  0x1b002eb7,0x6db71249,0x80000000,0x00008000,0x12496db7,0x40b80e56,0x40000000,0x2900127d,0x2a27466a,0x162242c9,
  0x134853df,0x2aab0000,0x186e3203,0x00004000,0x24925b6e,0x0ed4629a,0x12496db7,0x11a41e1a,0x14711019,0x00002000,
  0x36db4925,0x492536db,0x2eee3468,0x32c220f8,0x1ac423ea,0x00003000,0x5b6e2492,0x6db71249,0x52831439,0x15550000,
  0x00000000,0x00001000,0x55550000,0x6aab0000,0x80000000,0x44f42768,0x00007000,0x00008000,0x00005000,0x00006000,
  0x6db70000,0x6db71249,0x80000000,0x00005000,0x0ed35239,0x16ce4182,0x21760d15,0x279215e4,0x36db0000,0x57c313b8,
  0x45c72893,0x5b6e2492,0x11495e6c,0x24925b6e,0x22084b2d,0x12801c95,0x11ce0ef2,0x00002000,0x27053d21,0x19633296,
  0x25952465,0x142c2993,0x492536db,0x4b2c0e23,0x386b167e,0x431a1c79,0x00003000,0x12490000,0x00000000,0x00001000,
  0x2e5f2d71,0x12496db7,0x5b6e0000,0x49250000,0x37ff0b18,0x00007000,0x00008000,0x00006000,0x24920000,0x34de3a63,
  0x00004000,0x36db4925,0x00001000,0x70001000,0x3c000800,0x30005000,0x00006000,0x20006000,0x40004000,0x50003000,
  0x00004000,0x80000000,0x00000000,0x60002000,0x00003000,0x00002000,0x00007000,0x10007000,0x00008000,0x00005000,
  0x36491800,0x00001000,0x00002000,0x00005000,0x30005000,0x00004000,0x47a80b33,0x24003800,0x50003000,0x00003000,
  0x20006000,0x80000000,0x70001000,0x2e0f24cd,0x00006000,0x00007000,0x40004000,0x00008000,0x10007000,0x60002000,
  0x40000000,0x00000000,0x46410be0,0x2aab0000,0x26a41406,0x00005000,0x1dbc4495,0x00004000,0x48a2175c,0x70001000,
  0x60002000,0x2e4724e6,0x14005800,0x00006000,0x55550000,0x80000000,0x40004000,0x24ab36ea,0x00002000,0x00003000,
  0x00007000,0x20006000,0x00001000,0x50003000,0x00000000,0x30005000,0x00008000,0x10007000,0x26a0345a,0x40004000,
  0x50003000,0x00004000,0x1cba46d2,0x40000000,0x20000000,0x2572118e,0x00002000,0x2121234f,0x30005000,0x15bf5490,
  0x20006000,0x00006000,0x3a311998,0x4aca0dfd,0x00003000,0x00000000,0x00001000,0x00007000,0x60000000,0x70001000,
  0x80000000,0x00005000,0x511918c9,0x00008000,0x10007000,0x40822457,0x60002000,0x3ca70dc5,0x33330000,0x271f1359,
  0x13823671,0x261b3f2d,0x26c32ea6,0x199a0000,0x1aca0bb0,0x0c006800,0x20006000,0x00006000,0x30005000,0x165a509a,
  0x12051715,0x00001000,0x00002000,0x3a223015,0x40004000,0x50003000,0x00003000,0x182f2462,0x00004000,0x00000000,
  0x4a0e2385,0x4ccd0000,0x52411259,0x66660000,0x70001000,0x80000000,0x10007000,0x60002000,0x35e11f28,0x00007000,
  0x00008000,0x00005000,0x0ffe4472,0x6aab0000,0x70001000,0x80000000,0x00005000,0x17565331,0x19d33e8f,0x2aab0000,
  0x2bf01215,0x40000000,0x424a0cb7,0x38f91dcd,0x51350fb3,0x0e4463d7,0x00006000,0x00007000,0x143f20db,0x155d107d,
  0x00002000,0x26d52cfa,0x240722b7,0x14282fda,0x372d31f6,0x55550000,0x40004000,0x2b4443f1,0x00003000,0x15550000,
  0x00000000,0x00001000,0x30005000,0x5ea4133b,0x50003000,0x00008000,0x10007000,0x20006000,0x00004000,0x60002000,
  0x4d552073,0x6db70000,0x70001000,0x80000000,0x00005000,0x10c950c9,0x11aa40db,0x36db0000,0x24b01045,0x373c107c,
  0x00004000,0x30005000,0x20685155,0x20006000,0x12562049,0x12501018,0x00002000,0x2271422d,0x383d33d4,0x24873199,
  0x37cd215d,0x4be420fe,0x60002000,0x50003000,0x2f0444ab,0x12490000,0x00000000,0x00001000,0x5d311040,0x49250000,
  0x24cd20c4,0x12393095,0x5b6e0000,0x00003000,0x00007000,0x00008000,0x10007000,0x00006000,0x1033605a,0x4a1d1084,
  0x40004000,0x24920000,0x00000000,0x00001000,0x10000000,0x10001000,0x20000000,0x00002000,0x20001000,0x30000000,
  0x10002000,0x00003000,0x30001000,0x40000000,0x20002000,0x10003000,0x00004000,0x40001000,0x50000000,0x30002000,
  0x20003000,0x10004000,0x00005000,0x50001000,0x60000000,0x40002000,0x30003000,0x20004000,0x10005000,0x00006000,
  0x60001000,0x70000000,0x50002000,0x40003000,0x30004000,0x20005000,0x10006000,0x00007000,0x70001000,0x80000000,
  0x60002000,0x50003000,0x40004000,0x30005000,0x20006000,0x10007000,0x00008000,0x00000000,0x00000e39,0x80000000,
  0x000038e4,0x0000471c,0x0000638e,0x000071c7,0x00001c72,0x00002aab,0x00008000,0x00005555,0x00000000,0x00000e39,
  0x80000000,0x40004000,0x000071c7,0x00008000,0x0000638e,0x0000471c,0x000038e4,0x00002aab,0x00001c72,0x00005555,
  0x80000000,0x00001c72,0x00002aab,0x000071c7,0x0000638e,0x40000000,0x00000000,0x00000e39,0x00008000,0x40004000,
  0x0000471c,0x000038e4,0x00005555,0x00000000,0x00000e39,0x80000000,0x000071c7,0x55552aab,0x0000638e,0x00005555,
  0x0000471c,0x000038e4,0x00001c72,0x00002aab,0x2aab5555,0x00008000,0x80000000,0x00001c72,0x00002aab,0x0000471c,
  0x000038e4,0x40000000,0x00000000,0x00000e39,0x000071c7,0x55552aab,0x0000638e,0x2aab5555,0x00005555,0x00008000,
  0x00001c72,0x80000000,0x55550000,0x0000471c,0x000038e4,0x2aab0000,0x00000000,0x00000e39,0x000071c7,0x55552aab,
  0x0000638e,0x00002aab,0x2aab5555,0x00005555,0x00008000,0x00000000,0x00000e39,0x80000000,0x0000471c,0x000038e4,
  0x00005555,0x60002000,0x40004000,0x000071c7,0x20006000,0x0000638e,0x00001c72,0x00002aab,0x00008000,0x80000000,
  0x00001c72,0x00002aab,0x0000471c,0x000038e4,0x40000000,0x00000000,0x00000e39,0x00005555,0x40004000,0x60002000,
  0x000071c7,0x20006000,0x00008000,0x0000638e,0x00001c72,0x80000000,0x55550000,0x0000471c,0x000038e4,0x2aab0000,
  0x00000000,0x00000e39,0x000071c7,0x00008000,0x20006000,0x60002000,0x0000638e,0x40004000,0x00002aab,0x00005555,
  0x0000638e,0x60002000,0x00005555,0x0000471c,0x80000000,0x000038e4,0x40000000,0x20000000,0x00001c72,0x00000e39,
  0x40004000,0x20006000,0x00002aab,0x60000000,0x000071c7,0x00008000,0x00000000,0x00000000,0x00000e39,0x80000000,
  0x0000471c,0x000038e4,0x00005555,0x6666199a,0x33334ccd,0x0000638e,0x199a6666,0x4ccd3333,0x00001c72,0x00002aab,
  0x000071c7,0x00008000,0x80000000,0x00001c72,0x00002aab,0x6666199a,0x000038e4,0x0000471c,0x40000000,0x00000000,
  0x00000e39,0x00005555,0x33334ccd,0x4ccd3333,0x0000638e,0x199a6666,0x000071c7,0x00008000,0x00001c72,0x80000000,
  0x55550000,0x0000471c,0x000038e4,0x2aab0000,0x00000000,0x00000e39,0x00005555,0x0000638e,0x33334ccd,0x199a6666,
  0x00002aab,0x4ccd3333,0x6666199a,0x000071c7,0x00008000,0x0000638e,0x33334ccd,0x00005555,0x0000471c,0x6666199a,
  0x000038e4,0x40000000,0x20000000,0x00001c72,0x00002aab,0x60000000,0x4ccd3333,0x199a6666,0x80000000,0x00000000,
  0x00000e39,0x000071c7,0x00008000,0x66660000,0x2ee2265a,0x55dd174e,0x00005555,0x31a43492,0x0000471c,0x33330000,
  0x199a0000,0x00001c72,0x22471378,0x00002aab,0x2b651a3b,0x33334ccd,0x0000638e,0x199a6666,0x23874918,0x4ccd3333,
  0x000038e4,0x6666199a,0x00000000,0x00000e39,0x000071c7,0x4ccd0000,0x80000000,0x00008000,0x00000000,0x00000e39,
  0x80000000,0x0000471c,0x6aab1555,0x000038e4,0x55552aab,0x00005555,0x40004000,0x2aab5555,0x0000638e,0x15556aab,
  0x00002aab,0x00001c72,0x000071c7,0x00008000,0x80000000,0x00001c72,0x00002aab,0x0000471c,0x6aab1555,0x000038e4,
  0x40000000,0x00000000,0x00000e39,0x55552aab,0x00005555,0x40004000,0x2aab5555,0x0000638e,0x15556aab,0x000071c7,
  0x00008000,0x80000000,0x00001c72,0x00002aab,0x0000471c,0x55552aab,0x000038e4,0x2aab0000,0x00000000,0x00000e39,
  0x0000638e,0x2aab5555,0x00005555,0x40004000,0x55550000,0x15556aab,0x6aab1555,0x000071c7,0x00008000,0x3c7e1ac0,
  0x000038e4,0x30af2eca,0x279a3dfb,0x40004000,0x55552aab,0x40000000,0x20000000,0x00001c72,0x2c191392,0x00002aab,
  0x2aab5555,0x0000638e,0x15556aab,0x00005555,0x0000471c,0x60000000,0x80000000,0x00000000,0x00000e39,0x6aab1555,
  0x000071c7,0x00008000,0x5c4710d5,0x3c72176b,0x3fdf276a,0x0000471c,0x1d74306c,0x000038e4,0x16150cb2,0x219a14cf,
  0x33330000,0x2d373dfc,0x1e604f3e,0x40004000,0x2aab5555,0x0000638e,0x15556aab,0x00001c72,0x55552aab,0x1bb53d41,
  0x6aab1555,0x66660000,0x199a0000,0x00000000,0x00000e39,0x000071c7,0x4ccd0000,0x80000000,0x00002aab,0x00008000,
  0x00005555,0x18b32671,0x61180f9a,0x6aab1555,0x80000000,0x0000471c,0x23ed2b51,0x000038e4,0x2aab0000,0x1ca21402,
  0x40000000,0x40004000,0x385738ef,0x1e934e94,0x20173e1a,0x12870c89,0x00001c72,0x55552aab,0x4a71135a,0x6aab0000,
  0x45b32554,0x55550000,0x33f013df,0x00002aab,0x15550000,0x00000000,0x00000e39,0x2aab5555,0x174d248d,0x12ea60c8,
  0x000071c7,0x15556aab,0x00005555,0x0000638e,0x00008000,0x00000000,0x00000e39,0x80000000,0x0000471c,0x492536db,
  0x000038e4,0x0000638e,0x24925b6e,0x00005555,0x12496db7,0x36db4925,0x00002aab,0x5b6e2492,0x6db71249,0x000071c7,
  0x00008000,0x00001c72,0x00002aab,0x80000000,0x00001c72,0x00005555,0x36db4925,0x0000471c,0x40000000,0x00000000,
  0x00000e39,0x492536db,0x24925b6e,0x0000638e,0x12496db7,0x5b6e2492,0x6db71249,0x000038e4,0x000071c7,0x00008000,
  0x2a20326a,0x492536db,0x5b6e2492,0x0000471c,0x000038e4,0x2aab0000,0x00000000,0x00000e39,0x00005555,0x36db4925,
  0x24925b6e,0x0000638e,0x12496db7,0x55550000,0x525e0d22,0x80000000,0x2e0c20a5,0x6db71249,0x000071c7,0x2abc0ebe,
  0x00001c72,0x00008000,0x00002aab,0x60000000,0x377b0fa1,0x52281155,0x0000471c,0x21b7463b,0x31443502,0x40000000,
  0x20000000,0x1d4f0e40,0x000038e4,0x1e9a3237,0x250b2300,0x190753f0,0x24925b6e,0x36db4925,0x42b42312,0x5b6e2492,
  0x0000638e,0x6db71249,0x00000000,0x00000e39,0x000071c7,0x12496db7,0x80000000,0x492536db,0x185e1b33,0x00001c72,
  0x00002aab,0x00008000,0x00005555,0x66660000,0x4ccd0000,0x465a0f13,0x0000471c,0x1d29321a,0x000038e4,0x33330000,
  0x199a0000,0x16bf0cd2,0x00005555,0x1ff84712,0x18ae541b,0x24f01571,0x00001c72,0x272339df,0x492536db,0x32fd1fe9,
  0x54a41605,0x3d6b2a39,0x00000000,0x00000e39,0x0000638e,0x000071c7,0x12496db7,0x00002aab,0x6a300a14,0x6db71249,
  0x24925b6e,0x36db4925,0x00008000,0x176b289a,0x5b6e2492,0x80000000,0x66450bf6,0x6db71249,0x80000000,0x0000471c,
  0x11c439cb,0x000038e4,0x138e0b79,0x15550000,0x00000e39,0x0ffe6376,0x191852d3,0x0000638e,0x24925b6e,0x12496db7,
  0x21c80eb3,0x00001c72,0x2eb23e69,0x492536db,0x41d32c0d,0x27b83328,0x158c4470,0x6aab0000,0x16f81d3e,0x00000000,
  0x51f40f0d,0x36db4925,0x55051a76,0x3aee20db,0x55550000,0x40000000,0x35811308,0x5b6e2492,0x00002aab,0x00005555,
  0x1b8e2960,0x000071c7,0x00008000,0x2aab0000,0x6db70000,0x6db71249,0x80000000,0x0000471c,0x17e634de,0x000038e4,
  0x24920000,0x237a0ab9,0x36db0000,0x44152805,0x5ba616be,0x4f4d12d3,0x10156368,0x000071c7,0x12496db7,0x15331883,
  0x12970cfc,0x00001c72,0x2e2c101e,0x2ff43d8b,0x2abb333f,0x175b4371,0x5b6e2492,0x492536db,0x00002aab,0x1af32425,
  0x12490000,0x00000000,0x00000e39,0x2f04199c,0x40920fd2,0x5b6e0000,0x49250000,0x325d225d,0x00008000,0x198c528d,
  0x00005555,0x0000638e,0x36db4925,0x24925b6e,0x00000e39,0x80000000,0x00000000,0x0000471c,0x40004000,0x000038e4,
  0x50003000,0x30005000,0x0000638e,0x20006000,0x70001000,0x00001c72,0x60002000,0x00002aab,0x000071c7,0x10007000,
  0x00008000,0x00005555,0x24003c00,0x50003000,0x000038e4,0x3b5c0ea7,0x40000000,0x00000e39,0x342a1d41,0x70001000,
  0x00005555,0x30005000,0x0000471c,0x20006000,0x00001c72,0x00002aab,0x2da229c3,0x0000638e,0x000071c7,0x10007000,
  0x60002000,0x40004000,0x00008000,0x00000000,0x80000000,0x36911ae1,0x2c7d2c4d,0x60002000,0x0000471c,0x1dac47f7,
  0x245c3b61,0x30005000,0x40004000,0x00005555,0x20006000,0x2c940d78,0x54e50b45,0x50003000,0x00001c72,0x00002aab,
  0x70001000,0x0000638e,0x000071c7,0x2aab0000,0x00000e39,0x000038e4,0x00000000,0x55550000,0x80000000,0x00008000,
  0x10007000,0x15b056fd,0x0000638e,0x20006000,0x0000471c,0x24f238df,0x000038e4,0x40000000,0x20000000,0x219c0e26,
  0x60630a6f,0x80000000,0x60000000,0x1c704a0d,0x00005555,0x30005000,0x40004000,0x3b542715,0x50003000,0x60002000,
  0x1ad92cf9,0x25f51d5a,0x00001c72,0x00002aab,0x00000000,0x00000e39,0x000071c7,0x43b20cdf,0x4e3a174a,0x70001000,
  0x00008000,0x10007000,0x66660000,0x4ccd0000,0x4eaa0c24,0x0000471c,0x1ce03841,0x000038e4,0x33330000,0x199a0000,
  0x1a120df8,0x1cae29bd,0x374a1a64,0x1b181bc4,0x30005000,0x1eda474e,0x162c5670,0x00001c72,0x34e93801,0x40004000,
  0x60002000,0x3cd12877,0x50003000,0x00002aab,0x00000000,0x00000e39,0x0000638e,0x000071c7,0x20006000,0x65010a33,
  0x53f616de,0x70001000,0x80000000,0x34850d61,0x00008000,0x10007000,0x00005555,0x4e501027,0x5cc013c6,0x6aab0000,
  0x0000471c,0x18063837,0x000038e4,0x2aab0000,0x29e10d32,0x40000000,0x60002000,0x70001000,0x30005000,0x16a85666,
  0x20006000,0x15c01b15,0x15450dd3,0x00001c72,0x297a475f,0x16fc46fc,0x1a7827dc,0x2cf02afc,0x35ae1caa,0x46c622b8,
  0x50003000,0x0e22658c,0x00002aab,0x15550000,0x00000000,0x00000e39,0x31be3778,0x80000000,0x00005555,0x3caf0dc1,
  0x55550000,0x000071c7,0x00008000,0x10007000,0x0000638e,0x28e41883,0x40004000,0x6db70000,0x70001000,0x80000000,
  0x27030ad0,0x13ce0f9f,0x1f581943,0x24920000,0x25983f61,0x217f3702,0x12bc444a,0x205c557f,0x2b8a47b5,0x154f51b1,
  0x0d6d1e9e,0x000038e4,0x0ffb2917,0x00002aab,0x57561330,0x44dd0f51,0x3d311fe6,0x34790d2c,0x2f9b1ba2,0x00001c72,
  0x12490000,0x00000000,0x00000e39,0x0000471c,0x13ff3538,0x5b6e0000,0x10f26216,0x60002000,0x00005555,0x0000638e,
  0x000071c7,0x00008000,0x10007000,0x30005000,0x20006000,0x36db0000,0x1f1e25e4,0x28a72a42,0x49250000,0x32832fe3,
  0x482b271c,0x40004000,0x39f837ae,0x50003000,0x70000000,0x70001000,0x80000000,0x11572c08,0x1f303206,0x26431f1c,
  0x30000000,0x2bfc0e16,0x40000000,0x50000000,0x3bec1055,0x0ea06271,0x000071c7,0x10007000,0x15491a57,0x20720abe,
  0x10f40d4b,0x2d0f3546,0x1e8f40f2,0x37db23d6,0x5f2f105b,0x4da82130,0x60002000,0x20006000,0x1c3b5141,0x00000e39,
  0x10000000,0x20000000,0x3d7731fa,0x4d7010f4,0x60000000,0x00001c72,0x00008000,0x0b835811,0x00005555,0x0000638e,
  0x11f33fcd,0x0eb64bc1,0x0d4c392c,0x0000471c,0x50003000,0x2e384193,0x30005000,0x00000000,0x000038e4,0x00002aab,
  0x40004000,0x00000e39,0x71c70e39,0x3c72071c,0x0000471c,0x38e4471c,0x000038e4,0x471c38e4,0x2aab5555,0x0000638e,
  0x1c72638e,0x638e1c72,0x00002aab,0x55552aab,0x00001c72,0x80000000,0x000071c7,0x0e3971c7,0x00008000,0x00005555,
  0x00000000,0x2e0a2323,0x00001c72,0x00002aab,0x2aab5555,0x00005555,0x0000638e,0x2dba0a0a,0x71c70e39,0x40000000,
  0x287f2eda,0x1c72638e,0x00000e39,0x00000000,0x20004000,0x0000471c,0x38e4471c,0x32da15c0,0x638e1c72,0x000071c7,
  0x0e3971c7,0x000038e4,0x471c38e4,0x80000000,0x55552aab,0x00008000,0x3b5019ae,0x26671180,0x1e061e2d,0x0000471c,
  0x206f3f87,0x000038e4,0x1a664b48,0x2aab5555,0x38e4471c,0x638e1c72,0x34682495,0x55552aab,0x0000638e,0x1c72638e,
  0x55550000,0x71c70e39,0x80000000,0x471c38e4,0x283731df,0x4c2c0fb1,0x000071c7,0x00002aab,0x3ca5084c,0x00005555,
  0x00000e39,0x2aab0000,0x00000000,0x00001c72,0x00008000,0x0e3971c7,0x37e1103e,0x40000000,0x23b80a96,0x0000471c,
  0x21c43c77,0x000038e4,0x20000000,0x38e4471c,0x471c38e4,0x30561f55,0x4ed31678,0x1c72638e,0x134f5961,0x0000638e,
  0x144e21ff,0x1ab51678,0x49b321ff,0x638e1c72,0x00002aab,0x1a7a2d12,0x00000e39,0x00000000,0x000071c7,0x51b20a96,
  0x60000000,0x71c70e39,0x80000000,0x38742d12,0x55552aab,0x00008000,0x0e3971c7,0x19704d1f,0x2aab5555,0x00001c72,
  0x00005555,0x3fc80d19,0x33330000,0x27240eec,0x0000471c,0x165e3a7f,0x000038e4,0x199a0000,0x638e1c72,0x71c70e39,
  0x58820d33,0x2aab5555,0x139d58c7,0x1c72638e,0x11c911d6,0x00000e39,0x00001c72,0x2f203a9c,0x471c38e4,0x3f182f71,
  0x2a582b9b,0x458f236f,0x344b1b04,0x55552aab,0x18311f97,0x00002aab,0x00000000,0x0000638e,0x000071c7,0x4ccd0000,
  0x66660000,0x80000000,0x4abd1770,0x00008000,0x0e3971c7,0x1af44a1c,0x00005555,0x11c82ea6,0x38e4471c,0x00002aab,
  0x17862daf,0x14971f8f,0x0000471c,0x163b3dcd,0x000038e4,0x44790a82,0x3970185d,0x566f0fd4,0x41522e70,0x2fab399a,
  0x471c38e4,0x2aab5555,0x21e5497c,0x12e758ee,0x31290c58,0x40000000,0x2aab0000,0x38e4471c,0x30b329c6,0x259f215f,
  0x55550000,0x18840fb8,0x00001c72,0x15550000,0x00000000,0x00000e39,0x25dd1779,0x6aab0000,0x71c70e39,0x80000000,
  0x0f024c22,0x49cc2141,0x55552aab,0x638e1c72,0x1c72638e,0x0c50671f,0x000071c7,0x00008000,0x0e3971c7,0x00005555,
  0x238833b7,0x0000638e,0x6db70000,0x71c70e39,0x80000000,0x000038e4,0x0d083d39,0x11d12fea,0x24920000,0x272a0e2d,
  0x36db0000,0x225d4a92,0x1af65966,0x2aab5555,0x1c72638e,0x13730e85,0x16ae1e49,0x337f3aec,0x38e4471c,0x471c38e4,
  0x31702f8d,0x279126ff,0x1fa1396c,0x00001c72,0x49250000,0x4ea60c7a,0x5b6e0000,0x00002aab,0x12490000,0x00000000,
  0x00000e39,0x2ac1194b,0x35b01c0f,0x447c189e,0x3aad0ef2,0x638e1c72,0x53f81660,0x4cf9216c,0x418d2dfb,0x55552aab,
  0x0f325707,0x000071c7,0x00008000,0x0e3971c7,0x0000471c,0x0fb448c8,0x602f0cec,0x3af32470,0x00005555,0x0000638e,
  0x0e236484,0x70000000,0x71c70e39,0x80000000,0x2b2c1962,0x33d40c9b,0x21b010f6,0x30000000,0x40000000,0x20000000,
  0x10300f0d,0x1efd4614,0x2b8a441c,0x23be3a65,0x0ba557a6,0x0000638e,0x0d8b638e,0x454d2d82,0x3abb3a69,0x471c38e4,
  0x390816e0,0x417c20be,0x4886109e,0x55552aab,0x504e1669,0x52531fe2,0x0f6f1eb0,0x00001c72,0x00002aab,0x10000000,
  0x1c72638e,0x2aab5555,0x1af05303,0x573b0b43,0x60000000,0x50000000,0x38e4471c,0x5df7138a,0x41130a6b,0x64980901,
  0x000071c7,0x00008000,0x0e3971c7,0x11bc46ca,0x0000471c,0x00005555,0x0d892dff,0x000038e4,0x1d3322ff,0x00000e39,
  0x638e1c72,0x1945337c,0x2c1a2779,0x00000000,0x34d13271,0x0b4f3b41,0x00000000,0x00000e39,0x0e390000,0x0e390e39,
  0x1c720000,0x00001c72,0x1c720e39,0x2aab0000,0x0e391c72,0x00002aab,0x2aab0e39,0x38e40000,0x1c721c72,0x0e392aab,
  0x000038e4,0x38e40e39,0x471c0000,0x2aab1c72,0x1c722aab,0x0e3938e4,0x0000471c,0x471c0e39,0x55550000,0x38e41c72,
  0x2aab2aab,0x1c7238e4,0x0e39471c,0x00005555,0x55550e39,0x638e0000,0x471c1c72,0x38e42aab,0x2aab38e4,0x1c72471c,
  0x0e395555,0x0000638e,0x638e0e39,0x71c70000,0x55551c72,0x471c2aab,0x38e438e4,0x2aab471c,0x1c725555,0x0e39638e,
  0x000071c7,0x71c70e39,0x80000000,0x638e1c72,0x55552aab,0x471c38e4,0x38e4471c,0x2aab5555,0x1c72638e,0x0e3971c7,
  0x00008000,0x00000000,0x00000ccd,0x80000000,0x00004000,0x00004ccd,0x00006666,0x00007333,0x0000199a,0x00002666,
  0x00003333,0x00008000,0x0000599a,0x00000000,0x00000ccd,0x80000000,0x00004ccd,0x00004000,0x00007333,0x40004000,
  0x0000199a,0x00002666,0x00006666,0x00008000,0x00003333,0x0000599a,0x80000000,0x0000199a,0x00002666,0x00004ccd,
  0x00004000,0x40000000,0x00000000,0x00000ccd,0x00006666,0x40004000,0x00007333,0x00003333,0x0000599a,0x00008000,
  0x00000000,0x00000ccd,0x80000000,0x00007333,0x55552aab,0x00006666,0x0000599a,0x00004ccd,0x00004000,0x0000199a,
  0x00002666,0x00003333,0x2aab5555,0x00008000,0x80000000,0x0000199a,0x00002666,0x00006666,0x2aab5555,0x55552aab,
  0x40000000,0x00000000,0x00000ccd,0x00007333,0x00003333,0x00004000,0x00004ccd,0x0000599a,0x00008000,0x00002666,
  0x55550000,0x0000199a,0x2aab5555,0x00007333,0x00008000,0x2aab0000,0x00000000,0x00000ccd,0x00006666,0x80000000,
  0x00003333,0x00004000,0x00004ccd,0x0000599a,0x55552aab,0x00000000,0x00000ccd,0x80000000,0x00004ccd,0x00004000,
  0x60002000,0x00006666,0x40004000,0x00007333,0x20006000,0x0000199a,0x00002666,0x0000599a,0x00003333,0x00008000,
  0x80000000,0x0000199a,0x00002666,0x00004ccd,0x00004000,0x40000000,0x00000000,0x00000ccd,0x0000599a,0x40004000,
  0x60002000,0x00007333,0x20006000,0x00006666,0x00008000,0x00003333,0x00002666,0x55550000,0x0000199a,0x00004ccd,
  0x80000000,0x00004000,0x2aab0000,0x00000000,0x00000ccd,0x00007333,0x00008000,0x20006000,0x40004000,0x00006666,
  0x60002000,0x0000599a,0x00003333,0x00002666,0x40000000,0x0000199a,0x00004ccd,0x80000000,0x00004000,0x00000ccd,
  0x00006666,0x60002000,0x0000599a,0x20006000,0x40004000,0x00003333,0x60000000,0x20000000,0x00000000,0x00007333,
  0x00008000,0x00000000,0x00000ccd,0x80000000,0x00004ccd,0x00004000,0x4ccd3333,0x6666199a,0x33334ccd,0x00006666,
  0x199a6666,0x0000599a,0x0000199a,0x00002666,0x00003333,0x00007333,0x00008000,0x80000000,0x0000199a,0x00002666,
  0x6666199a,0x00004000,0x00004ccd,0x40000000,0x00000000,0x00000ccd,0x0000599a,0x33334ccd,0x4ccd3333,0x00006666,
  0x199a6666,0x00007333,0x00008000,0x00003333,0x00002666,0x55550000,0x0000199a,0x00004ccd,0x80000000,0x00004000,
  0x2aab0000,0x00000000,0x00000ccd,0x4ccd3333,0x00006666,0x33334ccd,0x199a6666,0x6666199a,0x00007333,0x00003333,
  0x00008000,0x0000599a,0x00002666,0x40000000,0x0000199a,0x00004ccd,0x80000000,0x00004000,0x20000000,0x00003333,
  0x60000000,0x33334ccd,0x00006666,0x199a6666,0x4ccd3333,0x0000599a,0x6666199a,0x00000000,0x00000ccd,0x00007333,
  0x00008000,0x66660000,0x00004000,0x80000000,0x00004ccd,0x33330000,0x199a0000,0x0000199a,0x00003333,0x4ccd0000,
  0x33334ccd,0x00006666,0x199a6666,0x4ccd3333,0x6666199a,0x0000599a,0x00002666,0x00000000,0x00000ccd,0x00007333,
  0x00008000,0x00000000,0x00000ccd,0x80000000,0x55552aab,0x00004000,0x00004ccd,0x40004000,0x2aab5555,0x00006666,
  0x15556aab,0x0000199a,0x00002666,0x6aab1555,0x00003333,0x00007333,0x0000599a,0x00008000,0x80000000,0x0000199a,
  0x00002666,0x00004ccd,0x6aab1555,0x00004000,0x40000000,0x00000000,0x00000ccd,0x40004000,0x55552aab,0x2aab5555,
  0x00006666,0x15556aab,0x00003333,0x00007333,0x0000599a,0x00008000,0x80000000,0x0000199a,0x00002666,0x6aab1555,
  0x00004ccd,0x55552aab,0x2aab0000,0x00000000,0x00000ccd,0x00003333,0x0000599a,0x2aab5555,0x40004000,0x55550000,
  0x00006666,0x15556aab,0x00004000,0x00007333,0x00008000,0x00002666,0x60000000,0x0000199a,0x00004ccd,0x55552aab,
  0x00004000,0x40000000,0x20000000,0x00003333,0x2aab5555,0x00006666,0x15556aab,0x80000000,0x40004000,0x6aab1555,
  0x00000000,0x00000ccd,0x00007333,0x0000599a,0x00008000,0x30e431e1,0x00004000,0x00004ccd,0x27a54097,0x33330000,
  0x199a0000,0x0000199a,0x55552aab,0x2aab5555,0x00006666,0x15556aab,0x22ca115d,0x1aab5555,0x40004000,0x0000599a,
  0x3db31de4,0x2df316cf,0x00002666,0x00003333,0x00000000,0x00000ccd,0x6aab1555,0x00007333,0x4ccd0000,0x80000000,
  0x66660000,0x00008000,0x6aab0000,0x489b104d,0x56d61385,0x00004ccd,0x1d3438f7,0x00004000,0x2aab0000,0x1dbb116f,
  0x40000000,0x29fc172b,0x2aab5555,0x00006666,0x15556aab,0x0000199a,0x26ee408d,0x40dd28a5,0x1d1f512d,0x0000599a,
  0x6aab1555,0x55552aab,0x00002666,0x15550000,0x00000000,0x00000ccd,0x00007333,0x80000000,0x00003333,0x55550000,
  0x00008000,0x40004000,0x2a3726d4,0x00000000,0x00000ccd,0x80000000,0x492536db,0x00004000,0x00004ccd,0x6db71249,
  0x00002666,0x00003333,0x24925b6e,0x00006666,0x12496db7,0x36db4925,0x5b6e2492,0x0000199a,0x00007333,0x00008000,
  0x0000599a,0x80000000,0x00003333,0x6db71249,0x00004ccd,0x5b6e2492,0x00004000,0x40000000,0x00000000,0x00000ccd,
  0x492536db,0x36db4925,0x24925b6e,0x00006666,0x12496db7,0x0000199a,0x00007333,0x00008000,0x00002666,0x0000599a,
  0x00002666,0x80000000,0x0000199a,0x00004ccd,0x492536db,0x00004000,0x2aab0000,0x00000000,0x00000ccd,0x36db4925,
  0x24925b6e,0x00006666,0x12496db7,0x55550000,0x0000599a,0x5b6e2492,0x6db71249,0x00003333,0x00007333,0x00008000,
  0x00003333,0x34022a66,0x45281ad5,0x21f34661,0x00004ccd,0x0000599a,0x40000000,0x20000000,0x0000199a,0x80000000,
  0x38101648,0x24925b6e,0x00006666,0x12496db7,0x60000000,0x36db4925,0x29c13980,0x00004000,0x5b6e2492,0x492536db,
  0x00000000,0x00000ccd,0x6db71249,0x00007333,0x2b361142,0x00002666,0x00008000,0x66660000,0x42490d6f,0x4f3b13d2,
  0x00004ccd,0x2c1f367a,0x00004000,0x33330000,0x199a0000,0x169b0b14,0x26cb2a5d,0x24925b6e,0x00006666,0x12496db7,
  0x0000199a,0x243c10fc,0x20d44872,0x36db4925,0x492536db,0x24c21e5e,0x00003333,0x48a8224e,0x6db71249,0x00002666,
  0x00000000,0x00000ccd,0x00007333,0x80000000,0x4ccd0000,0x00008000,0x5b6e2492,0x0000599a,0x18da55ce,0x6aab0000,
  0x4f1a0dfe,0x5d491088,0x00004ccd,0x1c0f3745,0x00004000,0x4ddd21e2,0x6db71249,0x36db4925,0x492536db,0x323e416e,
  0x1fa842c7,0x33b92ff9,0x1c571298,0x2aab0000,0x12780b66,0x33df146d,0x3a5c2104,0x12496db7,0x00006666,0x00007333,
  0x5b6e2492,0x3ead32ea,0x00002666,0x0000199a,0x15550000,0x00000000,0x00000ccd,0x1a9c2b0a,0x55550000,0x155d2255,
  0x1ce35177,0x0000599a,0x40000000,0x24925b6e,0x00008000,0x00003333,0x80000000,0x12496db7,0x101964a0,0x00007333,
  0x00004ccd,0x15a93a00,0x00004000,0x24920000,0x10440b8b,0x1a771353,0x12490000,0x00006666,0x107f24d6,0x00002666,
  0x687f0be2,0x80000000,0x6db70000,0x2d00332d,0x1775467f,0x5b6e2492,0x449c2c0b,0x492536db,0x57de1a52,0x57310ed0,
  0x41c42051,0x0000199a,0x00000000,0x00000ccd,0x19a25463,0x0000599a,0x3fe0125c,0x5b6e0000,0x49250000,0x6db71249,
  0x32fb0d51,0x248e1ce5,0x00003333,0x00008000,0x24925b6e,0x2a0d272f,0x13762e5a,0x36db0000,0x36db4925,0x30733f04,
  0x00000ccd,0x80000000,0x00000000,0x00004ccd,0x40004000,0x00004000,0x50003000,0x30005000,0x00006666,0x20006000,
  0x00002666,0x60002000,0x70001000,0x00003333,0x0000199a,0x00007333,0x10007000,0x00008000,0x0000599a,0x0000199a,
  0x70001000,0x80000000,0x00004ccd,0x40004000,0x00004000,0x40000000,0x00000000,0x00000ccd,0x50003000,0x30005000,
  0x00006666,0x20006000,0x00002666,0x00007333,0x0000599a,0x00008000,0x10007000,0x00003333,0x60002000,0x34272187,
  0x2da12dbf,0x60002000,0x24003f33,0x40004000,0x50003000,0x2aab0000,0x00000000,0x00000ccd,0x00004000,0x30005000,
  0x00006666,0x20006000,0x55550000,0x3b4711d3,0x80000000,0x00003333,0x00002666,0x70001000,0x00007333,0x10007000,
  0x00004ccd,0x0000199a,0x25750b3f,0x0000599a,0x00008000,0x00002666,0x1ffd1957,0x0000199a,0x00004ccd,0x24473e2e,
  0x00004000,0x20000000,0x20040cb1,0x40000000,0x1ca22545,0x00003333,0x20006000,0x0000599a,0x00006666,0x432c19a8,
  0x2c032dc2,0x40004000,0x50003000,0x60002000,0x5d740ad1,0x80000000,0x60000000,0x401b0c6b,0x70001000,0x00007333,
  0x00000ccd,0x00000000,0x00008000,0x10007000,0x1da84a84,0x30005000,0x46150ef0,0x61ae0b5e,0x66660000,0x00004ccd,
  0x14cb414a,0x00004000,0x33330000,0x199a0000,0x181d0c7c,0x1c0b3525,0x30005000,0x15c35885,0x20006000,0x1552176f,
  0x0000199a,0x1cd04a97,0x2f1e39eb,0x3d102a7d,0x60002000,0x4bea19e8,0x00000000,0x00000ccd,0x00006666,0x00007333,
  0x40004000,0x50003000,0x70001000,0x4ccd0000,0x2e920d13,0x00002666,0x23e91b99,0x00008000,0x10007000,0x0000599a,
  0x274a25f6,0x374d1a9a,0x12cd26ca,0x00003333,0x80000000,0x6aab0000,0x55550000,0x53f40b4e,0x00004ccd,0x11944cde,
  0x1a2e3daf,0x2aab0000,0x269110f1,0x40000000,0x2bbe1e2f,0x3ffa0df4,0x30005000,0x16c255e0,0x20006000,0x5f8a114c,
  0x70001000,0x80000000,0x00002666,0x00003333,0x142e2302,0x0fb119e6,0x13b60d8a,0x0000199a,0x60002000,0x49e8247c,
  0x50003000,0x44411949,0x30672a7c,0x15550000,0x00000000,0x00000ccd,0x17162f6d,0x00007333,0x00008000,0x10007000,
  0x0000599a,0x0c006a66,0x00006666,0x40004000,0x26f64661,0x373e35d7,0x00004000,0x6db70000,0x70001000,0x80000000,
  0x00004000,0x0e7141b2,0x12a435ac,0x27fa0bce,0x225018de,0x35dd0d11,0x3a7134af,0x50003000,0x4b6d2477,0x30005000,
  0x29ff455e,0x1bf65582,0x14491516,0x0f070be6,0x0000199a,0x40004000,0x101a2306,0x00003333,0x19ea2793,0x60002000,
  0x5c001437,0x57320bb1,0x47aa1925,0x00002666,0x12490000,0x00000000,0x00000ccd,0x12c84c7b,0x0c4a5add,0x472b0d17,
  0x5b6e0000,0x49250000,0x31ba1ca6,0x00006666,0x0eb56454,0x0000599a,0x00007333,0x00008000,0x10007000,0x24b42c09,
  0x00004ccd,0x24920000,0x36db0000,0x367528c0,0x20006000,0x22c83987,0x70000000,0x70001000,0x80000000,0x0c924d7b,
  0x00004ccd,0x0000599a,0x13352fe1,0x12fc22b1,0x00003333,0x25e91f57,0x26492bc8,0x27521070,0x3a4f0fe6,0x1e900a40,
  0x10020bec,0x117b16e2,0x3cb42ead,0x42393467,0x4dc626c3,0x355b1d5a,0x3907257b,0x4b411241,0x60002000,0x50003000,
  0x5da309d3,0x5b4c150a,0x00002666,0x0000199a,0x48692071,0x0fa16353,0x20006000,0x1f2d531c,0x50000000,0x40000000,
  0x30005000,0x00007333,0x00008000,0x10007000,0x140f3e43,0x1c334782,0x30a34095,0x10000000,0x00000ccd,0x60000000,
  0x20000000,0x00006666,0x00000000,0x00004000,0x30000000,0x40004000,0x2a273662,0x0e98573d,0x00000ccd,0x80000000,
  0x00000000,0x00004ccd,0x38e4471c,0x00004000,0x471c38e4,0x2aab5555,0x00006666,0x1c72638e,0x71c70e39,0x0000199a,
  0x638e1c72,0x00003333,0x55552aab,0x00002666,0x00007333,0x0e3971c7,0x00008000,0x0000599a,0x3be00d23,0x71c70e39,
  0x80000000,0x00004ccd,0x38e4471c,0x00004000,0x40000000,0x00000000,0x00000ccd,0x471c38e4,0x2aab5555,0x00006666,
  0x1c72638e,0x2fad2562,0x00003333,0x55552aab,0x00007333,0x271c35b0,0x00002666,0x357b1a33,0x0000199a,0x0000599a,
  0x00008000,0x0e3971c7,0x638e1c72,0x20d11b80,0x2dda0dfc,0x0000199a,0x217f4050,0x00004ccd,0x38e4471c,0x00000ccd,
  0x2aab0000,0x00000000,0x18e450b6,0x0000599a,0x2aab5555,0x00006666,0x1c72638e,0x58da0a08,0x55550000,0x277a34c6,
  0x471c38e4,0x00002666,0x80000000,0x00007333,0x00003333,0x00004000,0x71c70e39,0x474c15f5,0x638e1c72,0x55552aab,
  0x2eed2590,0x00008000,0x0e3971c7,0x317f2c8c,0x189b32fd,0x2bf03653,0x00004ccd,0x211442d8,0x00004000,0x20000000,
  0x22030cad,0x40000000,0x38e4471c,0x471c38e4,0x448f0b74,0x615c0940,0x60000000,0x638e1c72,0x50761494,0x3fff21e3,
  0x27851a36,0x00002666,0x0000199a,0x1d9a28df,0x00000000,0x00000ccd,0x00006666,0x00007333,0x0e3971c7,0x11c75e39,
  0x2aab5555,0x0000599a,0x1c72638e,0x55552aab,0x1a874df0,0x00008000,0x00003333,0x80000000,0x71c70e39,0x137132d7,
  0x2ad02b21,0x17d02776,0x2bb33f40,0x141443a8,0x1a1c4dd0,0x33330000,0x199a0000,0x19dc0ce9,0x0000599a,0x13725af1,
  0x2aab5555,0x34440cfa,0x1a151a13,0x471c38e4,0x38e4471c,0x1e94386a,0x55552aab,0x638e1c72,0x470f2356,0x368b1b1c,
  0x56ac150c,0x00000000,0x00000ccd,0x00006666,0x00007333,0x1c72638e,0x80000000,0x65fe0968,0x71c70e39,0x00003333,
  0x00004000,0x4f1d0bc2,0x4ccd0000,0x66660000,0x396e319d,0x00002666,0x0000199a,0x00008000,0x0e3971c7,0x00004ccd,
  0x424d0c5c,0x301d1b67,0x4507141b,0x00004ccd,0x173849f2,0x10b140b6,0x2aab0000,0x2c410d21,0x40000000,0x23dd27cb,
  0x15a02701,0x17203325,0x26964c89,0x2fff4065,0x329729a0,0x251d39ac,0x3d103236,0x5dc114d5,0x4a9f1b23,0x638e1c72,
  0x57110d86,0x15550000,0x00000000,0x00000ccd,0x4a3c2604,0x55552aab,0x55550000,0x6aab0000,0x71c70e39,0x80000000,
  0x38e4471c,0x471c38e4,0x16a21a14,0x00002666,0x00007333,0x00008000,0x0e3971c7,0x162757e5,0x00006666,0x1c72638e,
  0x0000599a,0x15d10cef,0x00003333,0x00004000,0x0000199a,0x2aab5555,0x6db70000,0x71c70e39,0x80000000,0x00004ccd,
  0x11794b9a,0x0f333f06,0x24920000,0x248a0e47,0x36db0000,0x5a150b14,0x4eaa180b,0x603b121d,0x2aab5555,0x13b85a06,
  0x1c72638e,0x34303a39,0x20f23ca9,0x24fb497e,0x4a610d3e,0x2f022dfb,0x11d11b3f,0x12340d52,0x0000199a,0x38e4471c,
  0x00002666,0x12490000,0x00000000,0x00000ccd,0x0fd32967,0x0bf83574,0x1cd02fa3,0x5b6e0000,0x44332934,0x471c38e4,
  0x37750e9f,0x397f1db8,0x638e1c72,0x49250000,0x00003333,0x00007333,0x00008000,0x0e3971c7,0x24561e7b,0x2a6a2674,
  0x55991ee5,0x0000599a,0x00006666,0x0c7a6831,0x55552aab,0x00004000,0x70000000,0x71c70e39,0x80000000,0x00004ccd,
  0x10c4403c,0x00004000,0x11df2685,0x11043378,0x247e2661,0x471c38e4,0x352b3b4f,0x38e4471c,0x2aab5555,0x195e5892,
  0x1c72638e,0x203f0a02,0x149017ce,0x2bdc0e35,0x44092d62,0x4de30dcf,0x5dd41042,0x60000000,0x55552aab,0x3b7b1c0c,
  0x3e0a0d68,0x2f011861,0x00002666,0x0000199a,0x10000000,0x10cd0c09,0x20000000,0x12124e46,0x26744a2a,0x21281bdc,
  0x50000000,0x00000ccd,0x40000000,0x638e1c72,0x519f2034,0x00007333,0x00008000,0x0e3971c7,0x0b555c28,0x0d3a65f2,
  0x0000599a,0x00006666,0x1ef6347a,0x4bf71921,0x43032355,0x00000000,0x00003333,0x31f52de7,0x22903e65,0x30000000,
  0x71c70000,0x71c70e39,0x80000000,0x3fec295f,0x3b623739,0x484c2d5c,0x2aab0000,0x25c61021,0x38e40000,0x471c38e4,
  0x38e4471c,0x2aab5555,0x1be05a22,0x1c72638e,0x1bfd0aba,0x1088191f,0x2e7733c1,0x2d9f40d9,0x375125b2,0x37511b3b,
  0x2a892892,0x112456ba,0x0000599a,0x00006666,0x44591b8f,0x00002666,0x0000199a,0x1c720000,0x0e880c60,0x53ee0e76,
  0x62b90ea1,0x638e0000,0x55550000,0x45e20df2,0x37410e6a,0x0e9d654d,0x55552aab,0x0ae5272d,0x00007333,0x00008000,
  0x0e3971c7,0x24834dc2,0x00003333,0x0d6a2fb4,0x471c0000,0x1bf52b5b,0x288f1d31,0x18852172,0x0e390000,0x00000ccd,
  0x111e370c,0x51bb1ea4,0x00000000,0x00004000,0x0e9e41fd,0x1cde4465,0x1d98362f,0x00004ccd,0x0c204d81,0x638e1c72,
  0x00000ccd,0x73330ccd,0x3ccd0666,0x00002666,0x599a2666,0x6666199a,0x40004000,0x4ccd3333,0x00004000,0x00003333,
  0x0000199a,0x80000000,0x00006666,0x00007333,0x0ccd7333,0x199a6666,0x00008000,0x33334ccd,0x00004ccd,0x0000599a,
  0x2666599a,0x00000000,0x33261075,0x00000ccd,0x0000199a,0x33334ccd,0x40004000,0x1ccd4666,0x2fa91f16,0x599a2666,
  0x6666199a,0x4ccd3333,0x2333399a,0x2666599a,0x0000599a,0x199a6666,0x73330ccd,0x40000000,0x00006666,0x00007333,
  0x00004000,0x00002666,0x00004ccd,0x1cca0750,0x00000000,0x00008000,0x0ccd7333,0x2ad02a0f,0x00003333,0x80000000,
  0x24f51d29,0x47d014e1,0x24f91069,0x1d1945e0,0x33334ccd,0x40004000,0x46660a05,0x0000599a,0x00006666,0x199a6666,
  0x2666599a,0x55550000,0x73330ccd,0x80000000,0x4ccd3333,0x2bfe2a65,0x23a6391d,0x0000199a,0x00002666,0x44f41f4a,
  0x599a2666,0x00007333,0x2aab0000,0x00003333,0x6666199a,0x17bd5089,0x00000ccd,0x00000000,0x00004000,0x00008000,
  0x0ccd7333,0x00004ccd,0x38be13d5,0x43681fa5,0x53f1140b,0x13872b7a,0x17f035b7,0x2af32ae3,0x329e35bb,0x417a2b93,
  0x73330ccd,0x6666199a,0x10006000,0x199a6666,0x2666599a,0x1ebd1f30,0x1c8e1075,0x4df50a55,0x599a2666,0x0000199a,
  0x00006666,0x00007333,0x0ccd7333,0x00000ccd,0x20000000,0x00000000,0x60000000,0x40000000,0x4ccd3333,0x33da0953,
  0x00003333,0x00002666,0x0000599a,0x33334ccd,0x40004000,0x1e8a4300,0x00008000,0x00004000,0x80000000,0x00004ccd,
  0x18074ff6,0x3d0e0bf0,0x33330000,0x216f0bb6,0x113834d5,0x00004000,0x1bb33b73,0x199a0000,0x48fd1749,0x58790c45,
  0x11815ce3,0x0000599a,0x00006666,0x51831e91,0x3d0e22fa,0x33e037c0,0x40004000,0x4ccd3333,0x0000199a,0x134f152c,
  0x00000ccd,0x122045ac,0x276743af,0x599a2666,0x6666199a,0x00000000,0x00007333,0x199a6666,0x4ccd0000,0x66660000,
  0x73330ccd,0x80000000,0x27912ec0,0x2b6f185c,0x13ae1f64,0x00008000,0x0ccd7333,0x1785506f,0x00004ccd,0x00003333,
  0x2666599a,0x00002666,0x12d52ac5,0x3fc82d6a,0x2484240d,0x33334ccd,0x436f0de0,0x45d91a90,0x5a2a0f69,0x00004ccd,
  0x15ce4518,0x00004000,0x2aab0000,0x2e280d88,0x40000000,0x3ab92230,0x31171bc1,0x2666599a,0x12335ac7,0x199a6666,
  0x0f771c5c,0x166c0efb,0x0000199a,0x16753611,0x00003333,0x3bea333d,0x2e902b4f,0x2ad13a8d,0x6666199a,0x54481d05,
  0x599a2666,0x4ccd3333,0x40004000,0x00002666,0x15550000,0x00000000,0x00000ccd,0x00006666,0x00007333,0x55550000,
  0x6aab0000,0x73330ccd,0x80000000,0x178f263d,0x1f571892,0x00008000,0x0ccd7333,0x2a2a4597,0x1eff4f81,0x33334ccd,
  0x45642722,0x0e335128,0x0000599a,0x36db0000,0x25630e01,0x392a0e24,0x112a40b1,0x00004000,0x00004ccd,0x24920000,
  0x2a9b4596,0x211b3fec,0x14d74ce2,0x2666599a,0x12a85c80,0x199a6666,0x12a31ae9,0x127b0d38,0x0000199a,0x342736d6,
  0x4ccd3333,0x446927fc,0x22575113,0x599a2666,0x52a31a59,0x4d1d0d84,0x3de31b8e,0x12490000,0x00000000,0x00000ccd,
  0x49250000,0x269c1dc3,0x73330ccd,0x6db70000,0x606a0d0b,0x5b6e0000,0x20c3359b,0x104a34f1,0x6666199a,0x33334ccd,
  0x0b69698a,0x00007333,0x00008000,0x0ccd7333,0x0000599a,0x00006666,0x2f622992,0x1e7a2bac,0x00002666,0x40004000,
  0x00003333,0x1156287b,0x80000000,0x70000000,0x73330ccd,0x80000000,0x00004ccd,0x0e3f4053,0x00004000,0x30000000,
  0x32c30c71,0x40000000,0x21894d58,0x2f4e4030,0x1e794014,0x2666599a,0x11d45c05,0x199a6666,0x113e0f12,0x1987198f,
  0x237b0c90,0x52d70cf2,0x561a19c0,0x63170cd9,0x599a2666,0x6666199a,0x0b7e35eb,0x0fb42849,0x00003333,0x38e4271b,
  0x45761a0b,0x33541ac3,0x3c673370,0x2c38337a,0x10000000,0x20000000,0x10034d5c,0x275c164c,0x21b12228,0x0bb21cfc,
  0x0000199a,0x00002666,0x1b8231c9,0x60000000,0x00007333,0x00008000,0x0ccd7333,0x493626a8,0x0000599a,0x00006666,
  0x2aba2842,0x0b3f6972,0x4ccd3333,0x00000000,0x00000ccd,0x42660d08,0x50000000,0x40004000,0x33334ccd,0x71c70000,
  0x73330ccd,0x80000000,0x0f1944f3,0x134d3679,0x00004000,0x2aab0000,0x30180cc9,0x38e40000,0x388d14a2,0x26d21cfd,
  0x199a6666,0x1a7858df,0x0d775f0e,0x1acf0b21,0x1c720000,0x328b4276,0x33334ccd,0x40004000,0x20d5121a,0x24834c4a,
  0x2a003e04,0x1c9a4541,0x3cd008fb,0x476b0b7e,0x471c0000,0x3bcc2897,0x3aff3535,0x4989274f,0x125c5104,0x32f32303,
  0x638e0000,0x55550000,0x557a0ccd,0x64890cda,0x1f0d3a01,0x4ccd3333,0x085d4f17,0x0000599a,0x45371a89,0x00007333,
  0x00008000,0x0ccd7333,0x00004ccd,0x00006666,0x56cb19ea,0x17952958,0x18bb1e99,0x0e3a0c70,0x0e390000,0x00000ccd,
  0x0b163218,0x23002c73,0x0a606a0d,0x599a2666,0x00000000,0x2666599a,0x00002666,0x0c8c2775,0x0fe1191a,0x0000199a,
  0x2e4c30e1,0x6666199a,0x00003333,0x00000000,0x00000ccd,0x0ccd0000,0x0ccd0ccd,0x199a0000,0x0000199a,0x199a0ccd,
  0x26660000,0x0ccd199a,0x00002666,0x26660ccd,0x33330000,0x199a199a,0x0ccd2666,0x00003333,0x33330ccd,0x40000000,
  0x2666199a,0x199a2666,0x0ccd3333,0x00004000,0x40000ccd,0x4ccd0000,0x3333199a,0x26662666,0x199a3333,0x0ccd4000,
  0x00004ccd,0x4ccd0ccd,0x599a0000,0x4000199a,0x33332666,0x26663333,0x199a4000,0x0ccd4ccd,0x0000599a,0x599a0ccd,
  0x66660000,0x4ccd199a,0x40002666,0x33333333,0x26664000,0x199a4ccd,0x0ccd599a,0x00006666,0x66660ccd,0x73330000,
  0x599a199a,0x4ccd2666,0x40003333,0x33334000,0x26664ccd,0x199a599a,0x0ccd6666,0x00007333,0x73330ccd,0x80000000,
  0x6666199a,0x599a2666,0x4ccd3333,0x40004000,0x33334ccd,0x2666599a,0x199a6666,0x0ccd7333,0x00008000,0x00000000,
  0x00000ba3,0x80000000,0x00003a2f,0x000045d1,0x00005d17,0x000068ba,0x00001746,0x000022e9,0x00002e8c,0x0000745d,
  0x00008000,0x00005174,0x00000000,0x00000ba3,0x80000000,0x40004000,0x0000745d,0x00008000,0x000068ba,0x00005d17,
  0x000045d1,0x00003a2f,0x00002e8c,0x00001746,0x000022e9,0x00005174,0x80000000,0x00001746,0x000022e9,0x000068ba,
  0x00005d17,0x40000000,0x00000000,0x00000ba3,0x0000745d,0x00008000,0x40004000,0x000045d1,0x00003a2f,0x00005174,
  0x00002e8c,0x00000000,0x00000ba3,0x80000000,0x000045d1,0x00003a2f,0x2aab5555,0x000068ba,0x0000745d,0x00001746,
  0x000022e9,0x55552aab,0x00005d17,0x00005174,0x00008000,0x00002e8c,0x80000000,0x00001746,0x000022e9,0x000045d1,
  0x00003a2f,0x40000000,0x00000000,0x00000ba3,0x000068ba,0x00005d17,0x2aab5555,0x55552aab,0x00005174,0x00002e8c,
  0x0000745d,0x00008000,0x000022e9,0x55550000,0x00001746,0x000045d1,0x80000000,0x00003a2f,0x2aab0000,0x00000000,
  0x00000ba3,0x000068ba,0x00005d17,0x00002e8c,0x2aab5555,0x55552aab,0x00005174,0x0000745d,0x00008000,0x00000000,
  0x00000ba3,0x80000000,0x000045d1,0x00003a2f,0x00005174,0x40004000,0x0000745d,0x20006000,0x00005d17,0x000068ba,
  0x60002000,0x00001746,0x000022e9,0x00002e8c,0x00008000,0x80000000,0x00001746,0x000022e9,0x000045d1,0x00003a2f,
  0x40000000,0x00000000,0x00000ba3,0x00005d17,0x40004000,0x60002000,0x0000745d,0x20006000,0x00005174,0x00008000,
  0x000068ba,0x00002e8c,0x000022e9,0x55550000,0x00001746,0x000045d1,0x80000000,0x00003a2f,0x2aab0000,0x00000000,
  0x00000ba3,0x0000745d,0x00008000,0x20006000,0x00002e8c,0x000068ba,0x60002000,0x00005d17,0x00005174,0x40004000,
  0x000022e9,0x40000000,0x00001746,0x000045d1,0x80000000,0x00003a2f,0x00000ba3,0x40004000,0x0000745d,0x20006000,
  0x000068ba,0x00002e8c,0x00005174,0x60002000,0x00005d17,0x60000000,0x20000000,0x00000000,0x00008000,0x00000000,
  0x00000ba3,0x80000000,0x000045d1,0x00003a2f,0x000068ba,0x199a6666,0x33334ccd,0x00005d17,0x4ccd3333,0x00005174,
  0x6666199a,0x00001746,0x000022e9,0x00002e8c,0x0000745d,0x00008000,0x80000000,0x00001746,0x000022e9,0x000045d1,
  0x00003a2f,0x40000000,0x00000000,0x00000ba3,0x00005d17,0x33334ccd,0x4ccd3333,0x00002e8c,0x000068ba,0x6666199a,
  0x00005174,0x199a6666,0x0000745d,0x00008000,0x80000000,0x00001746,0x000022e9,0x000045d1,0x00003a2f,0x2aab0000,
  0x00000000,0x00000ba3,0x00005d17,0x33334ccd,0x4ccd3333,0x0000745d,0x199a6666,0x55550000,0x000068ba,0x6666199a,
  0x00002e8c,0x00008000,0x00005174,0x60000000,0x00001746,0x000022e9,0x000045d1,0x80000000,0x00003a2f,0x40000000,
  0x00000ba3,0x33334ccd,0x00005d17,0x000068ba,0x199a6666,0x00002e8c,0x6666199a,0x00005174,0x20000000,0x00000000,
  0x4ccd3333,0x0000745d,0x00008000,0x80000000,0x00002e8c,0x00003a2f,0x000045d1,0x33330000,0x199a0000,0x00001746,
  0x33334ccd,0x000068ba,0x199a6666,0x000022e9,0x66660000,0x4ccd0000,0x00005d17,0x4ccd3333,0x00005174,0x00000000,
  0x00000ba3,0x6666199a,0x0000745d,0x00008000,0x00000000,0x00000ba3,0x80000000,0x6aab1555,0x00003a2f,0x000045d1,
  0x000068ba,0x40004000,0x00005d17,0x2aab5555,0x15556aab,0x55552aab,0x00001746,0x000022e9,0x00002e8c,0x00005174,
  0x0000745d,0x00008000,0x80000000,0x00001746,0x000022e9,0x000045d1,0x00003a2f,0x40000000,0x00000000,0x00000ba3,
  0x00005d17,0x2aab5555,0x40004000,0x000068ba,0x0000745d,0x15556aab,0x55552aab,0x6aab1555,0x00008000,0x00002e8c,
  0x00005174,0x80000000,0x00001746,0x000022e9,0x6aab1555,0x00005174,0x55552aab,0x2aab0000,0x00000000,0x00000ba3,
  0x00005d17,0x2aab5555,0x0000745d,0x15556aab,0x55550000,0x000045d1,0x00003a2f,0x00002e8c,0x000068ba,0x40004000,
  0x00008000,0x60000000,0x00001746,0x000022e9,0x000045d1,0x80000000,0x00003a2f,0x40000000,0x20000000,0x00005d17,
  0x2aab5555,0x40004000,0x55552aab,0x00002e8c,0x6aab1555,0x00005174,0x00000000,0x00000ba3,0x000068ba,0x15556aab,
  0x0000745d,0x00008000,0x66660000,0x00003a2f,0x80000000,0x000045d1,0x33330000,0x199a0000,0x00001746,0x15556aab,
  0x000068ba,0x0000745d,0x55552aab,0x00005174,0x00005d17,0x4ccd0000,0x00002e8c,0x6aab1555,0x2aab5555,0x40004000,
  0x000022e9,0x00000000,0x00000ba3,0x00008000,0x6aab0000,0x318c1c29,0x4f5a1853,0x00005174,0x318c324b,0x000045d1,
  0x1aab56ca,0x40004000,0x00005d17,0x23b02e28,0x27c7424d,0x27c715ec,0x00002e8c,0x2aab0000,0x00001746,0x000022e9,
  0x55552aab,0x6aab1555,0x2aab5555,0x15550000,0x00000000,0x00000ba3,0x40000000,0x000068ba,0x55550000,0x80000000,
  0x00003a2f,0x15556aab,0x0000745d,0x00008000,0x00000000,0x00000ba3,0x80000000,0x6db71249,0x000045d1,0x5b6e2492,
  0x00003a2f,0x0000745d,0x24925b6e,0x000068ba,0x00005d17,0x492536db,0x00005174,0x00001746,0x000022e9,0x00002e8c,
  0x36db4925,0x12496db7,0x00008000,0x80000000,0x00001746,0x000022e9,0x00002e8c,0x40000000,0x00000000,0x00000ba3,
  0x36db4925,0x00005d17,0x24925b6e,0x000068ba,0x0000745d,0x12496db7,0x000045d1,0x492536db,0x5b6e2492,0x00003a2f,
  0x6db71249,0x00005174,0x00008000,0x80000000,0x00001746,0x000022e9,0x6db71249,0x000045d1,0x5b6e2492,0x2aab0000,
  0x00000000,0x00000ba3,0x000068ba,0x24925b6e,0x00005d17,0x0000745d,0x12496db7,0x55550000,0x00005174,0x00002e8c,
  0x00003a2f,0x492536db,0x36db4925,0x00008000,0x000022e9,0x60000000,0x00001746,0x000045d1,0x5b6e2492,0x00003a2f,
  0x40000000,0x20000000,0x492536db,0x00005174,0x00005d17,0x00002e8c,0x80000000,0x24925b6e,0x000068ba,0x6db71249,
  0x00000000,0x00000ba3,0x36db4925,0x0000745d,0x12496db7,0x00008000,0x36db4925,0x21d6488f,0x00005d17,0x292c3c3e,
  0x492536db,0x33330000,0x199a0000,0x00001746,0x23aa0fcf,0x325314dd,0x4ccd0000,0x00005174,0x6db71249,0x30a02e34,
  0x5b6e2492,0x57fa0ea7,0x66660000,0x000022e9,0x00002e8c,0x00000000,0x00000ba3,0x3171221f,0x000068ba,0x24925b6e,
  0x80000000,0x12496db7,0x00003a2f,0x000045d1,0x0000745d,0x00008000,0x6aab0000,0x55550000,0x4bfa0c71,0x000045d1,
  0x24d12d1b,0x00003a2f,0x1f7a112e,0x2aab0000,0x00001746,0x195c56cf,0x24925b6e,0x36db4925,0x000068ba,0x12496db7,
  0x000022e9,0x1a9f1e59,0x492536db,0x235c47a6,0x52521447,0x32001b60,0x5b6e2492,0x6db71249,0x451326bd,0x3c873455,
  0x15550000,0x00000000,0x00000ba3,0x37910e8f,0x80000000,0x21a13bda,0x40000000,0x00005174,0x00005d17,0x0000745d,
  0x00008000,0x00002e8c,0x16b02983,0x0000745d,0x24925b6e,0x000068ba,0x000045d1,0x1a953463,0x00003a2f,0x24920000,
  0x1a1a119b,0x36db0000,0x12b84dec,0x00005d17,0x19ca5431,0x492536db,0x43342feb,0x2c9940d6,0x00001746,0x314931c8,
  0x17334208,0x389621fd,0x1e6c2482,0x12496db7,0x5b150eb1,0x40981105,0x000022e9,0x12490000,0x00000000,0x00000ba3,
  0x5b6e0000,0x4d8d218a,0x5b6e2492,0x6db71249,0x0db708ba,0x2ce610f0,0x49250000,0x14491e80,0x00008000,0x00005174,
  0x80000000,0x6db70000,0x00002e8c,0x36db4925,0x00000000,0x00000ba3,0x80000000,0x000045d1,0x60002000,0x00003a2f,
  0x00002e8c,0x70001000,0x30005000,0x00005d17,0x20006000,0x40004000,0x50003000,0x00001746,0x000022e9,0x000068ba,
  0x10007000,0x0000745d,0x00008000,0x00005174,0x80000000,0x00002e8c,0x70001000,0x000045d1,0x60002000,0x00003a2f,
  0x40000000,0x00000000,0x00000ba3,0x50003000,0x00005174,0x40004000,0x30005000,0x00005d17,0x20006000,0x00001746,
  0x000068ba,0x10007000,0x000022e9,0x0000745d,0x00008000,0x000022e9,0x80000000,0x00001746,0x000045d1,0x50003000,
  0x00003a2f,0x2aab0000,0x00000000,0x00000ba3,0x40004000,0x30005000,0x00005d17,0x20006000,0x55550000,0x00002e8c,
  0x70001000,0x60002000,0x000068ba,0x0000745d,0x10007000,0x00008000,0x00005174,0x00002e8c,0x345c259f,0x3dd11593,
  0x000045d1,0x2c56336d,0x00003a2f,0x40000000,0x20000000,0x00001746,0x25ab3ef1,0x50003000,0x30005000,0x00005d17,
  0x20006000,0x80000000,0x60000000,0x00005174,0x40004000,0x60002000,0x00000000,0x00000ba3,0x1c004fa3,0x70001000,
  0x000068ba,0x2c5d0ff4,0x0000745d,0x00008000,0x10007000,0x000022e9,0x3f6e2df7,0x442f2336,0x2223341a,0x00005d17,
  0x30005000,0x1e2a4c36,0x33330000,0x199a0000,0x16a40a27,0x000022e9,0x24670fdc,0x00001746,0x000068ba,0x14005d74,
  0x226428ef,0x00003a2f,0x20006000,0x22e01d4f,0x45271841,0x000045d1,0x454d0d5c,0x602c0ab9,0x00000000,0x00000ba3,
  0x70001000,0x80000000,0x66660000,0x4ccd0000,0x0000745d,0x00008000,0x10007000,0x26d23e82,0x00002e8c,0x60002000,
  0x00005174,0x40004000,0x50003000,0x6aab0000,0x55550000,0x4e860ad5,0x000045d1,0x1d084219,0x1d5c34a8,0x2aab0000,
  0x267f0c3a,0x40000000,0x16f857d7,0x30005000,0x278348f1,0x20006000,0x13fb0b81,0x36c43b6d,0x40004000,0x60002000,
  0x70001000,0x527f1d5f,0x3834180a,0x3a800c70,0x000022e9,0x116315e4,0x00001746,0x15550000,0x00000000,0x00000ba3,
  0x50003000,0x3d472e17,0x394d2316,0x55e811ae,0x6c25086b,0x1c8d28ac,0x1c731b88,0x00002e8c,0x0000745d,0x00008000,
  0x10007000,0x124d5049,0x80000000,0x000068ba,0x00005d17,0x00005174,0x00003a2f,0x43a51c55,0x561619f7,0x548f0e17,
  0x000045d1,0x152936e1,0x00003a2f,0x149b4c5b,0x00005d17,0x1a1b52a2,0x70001000,0x80000000,0x68120b36,0x27690eed,
  0x34770f2c,0x36db0000,0x18a20ffa,0x24920000,0x0fe60a2d,0x3932363a,0x4c44280e,0x3e0e2814,0x2cfc26c9,0x2828351e,
  0x50003000,0x3c8b16bb,0x000022e9,0x00001746,0x12490000,0x00000000,0x00000ba3,0x29f84638,0x30005000,0x40004000,
  0x292c1d9a,0x162b2ac2,0x23ea401c,0x5b6e0000,0x49250000,0x486d0a66,0x13f35d7f,0x13a4429f,0x00005174,0x19b11c8e,
  0x0000745d,0x00008000,0x10007000,0x60002000,0x000068ba,0x00002e8c,0x0d976884,0x20006000,0x6db70000,0x0e1267b6,
  0x20006000,0x165b5975,0x142b366c,0x13954221,0x264033d6,0x30000000,0x2dec0b10,0x40000000,0x29fb4768,0x3a7737ba,
  0x26a33dfd,0x50003000,0x490f2765,0x17f9110b,0x351e3195,0x392e26f7,0x60002000,0x0e650a64,0x20000000,0x10000000,
  0x0000745d,0x10007000,0x6a870aaa,0x5bdc175b,0x70001000,0x104c20a4,0x00002e8c,0x165928a6,0x70000000,0x60000000,
  0x58c80df5,0x28d427ed,0x4d430a9e,0x3a7b0e34,0x50000000,0x232a180f,0x2bf91cc1,0x00008000,0x3f0a18ef,0x00000ba3,
  0x30005000,0x40004000,0x00005174,0x00005d17,0x146d4d41,0x000022e9,0x00001746,0x4ac91c1f,0x00000000,0x80000000,
  0x00003a2f,0x000045d1,0x000068ba,0x00000000,0x00000ba3,0x80000000,0x000045d1,0x471c38e4,0x00003a2f,0x38e4471c,
  0x00005d17,0x2aab5555,0x00005174,0x71c70e39,0x00002e8c,0x638e1c72,0x1c72638e,0x000068ba,0x0e3971c7,0x0000745d,
  0x00008000,0x000022e9,0x00001746,0x55552aab,0x71c70e39,0x000022e9,0x00002e8c,0x38e4471c,0x00005174,0x00005d17,
  0x40000000,0x00000000,0x00000ba3,0x000045d1,0x471c38e4,0x2aab5555,0x1c72638e,0x00001746,0x80000000,0x000068ba,
  0x0e3971c7,0x638e1c72,0x00003a2f,0x55552aab,0x0000745d,0x00008000,0x353f1ea0,0x2e742b72,0x638e1c72,0x000045d1,
  0x28943633,0x00003a2f,0x2aab0000,0x00000000,0x00000ba3,0x000022e9,0x00002e8c,0x2aab5555,0x00005d17,0x1c72638e,
  0x55550000,0x3bb3102e,0x80000000,0x471c38e4,0x200045d1,0x71c70e39,0x000068ba,0x00001746,0x0000745d,0x0e3971c7,
  0x258a0a38,0x38e4471c,0x00008000,0x55552aab,0x00005174,0x38e4471c,0x1a20501f,0x2aab5555,0x000045d1,0x204e3a41,
  0x00003a2f,0x20000000,0x1c4a0a42,0x40000000,0x1f12459b,0x471c38e4,0x00005d17,0x1c72638e,0x55030e93,0x2cc81fa3,
  0x52121935,0x00005174,0x39f03055,0x433b252a,0x21b62eaf,0x638e1c72,0x55552aab,0x00000000,0x00000ba3,0x60000000,
  0x2d711061,0x000068ba,0x80000000,0x71c70e39,0x00001746,0x000022e9,0x0000745d,0x00008000,0x0e3971c7,0x00002e8c,
  0x62c70a8d,0x41e60fd6,0x53cd16b3,0x34643312,0x55552aab,0x446c24af,0x33330000,0x199a0000,0x19dd0af0,0x31b10995,
  0x4ccd0000,0x13465ce9,0x000068ba,0x1c72638e,0x1cb01523,0x00001746,0x20c24333,0x471c38e4,0x80000000,0x66660000,
  0x385f1e74,0x000022e9,0x00000000,0x00000ba3,0x00005d17,0x194451da,0x00005174,0x1eac2047,0x71c70e39,0x38e4471c,
  0x638e1c72,0x0000745d,0x00008000,0x0e3971c7,0x17a53a36,0x00003a2f,0x000045d1,0x21122cc6,0x2aab5555,0x00002e8c,
  0x6aab0000,0x55550000,0x54f50b6a,0x000045d1,0x12f945b6,0x1875386e,0x2aab0000,0x2aeb0966,0x40000000,0x40ab18d8,
  0x59af14c1,0x689e0947,0x80000000,0x1adc1649,0x164c0b19,0x00001746,0x3ac40d9d,0x2972279f,0x30f830a3,0x46882450,
  0x2c5c3d9b,0x2aa01b58,0x1566245b,0x000022e9,0x15550000,0x00000000,0x00000ba3,0x136e5c64,0x1c72638e,0x2aab5555,
  0x1a0c4f3e,0x38e4471c,0x71c70e39,0x471c38e4,0x40103139,0x11762f6d,0x0000745d,0x00008000,0x0e3971c7,0x00005174,
  0x00005d17,0x00002e8c,0x000068ba,0x638e1c72,0x00003a2f,0x55552aab,0x56640d3a,0x3d131841,0x4abe1a5f,0x000045d1,
  0x12c53936,0x00003a2f,0x24920000,0x262b0a91,0x36db0000,0x4e0d2298,0x371426b0,0x2aab5555,0x133b5c28,0x1c72638e,
  0x12d80b57,0x29ef3e38,0x353f3f19,0x3c7b324b,0x21ef2e3f,0x269d35e9,0x638e1c72,0x55552aab,0x000022e9,0x14091693,
  0x00001746,0x12490000,0x00000000,0x00000ba3,0x157e44d0,0x000068ba,0x0c616951,0x6a3309b5,0x5d1f1518,0x71c70e39,
  0x6db70000,0x80000000,0x12922e49,0x49250000,0x44750b29,0x5b6e0000,0x378e0889,0x2b2514f2,0x14112266,0x0000745d,
  0x00008000,0x0e3971c7,0x23d34afa,0x26a52323,0x0f4f5219,0x00005174,0x38e4471c,0x00005d17,0x471c38e4,0x00002e8c,
  0x70000000,0x71c70e39,0x80000000,0x352327d6,0x423d2c46,0x47651c17,0x30000000,0x287a0ffd,0x40000000,0x471c38e4,
  0x316a3da4,0x38e4471c,0x2aab5555,0x14185bab,0x1c72638e,0x13f111d6,0x126e1fb0,0x557b1d43,0x5a2b0ec1,0x396b1a95,
  0x2dac193b,0x20171f1a,0x25cd26e1,0x12102bbb,0x00003a2f,0x140f37fb,0x229c4564,0x13c34d9e,0x253d4c20,0x231b0875,
  0x20000000,0x64321156,0x638e1c72,0x000022e9,0x4bed0dd7,0x60000000,0x50000000,0x3c950d9b,0x20073e2d,0x0000745d,
  0x00008000,0x0e3971c7,0x0e5f4569,0x55552aab,0x0d970a8d,0x000068ba,0x0c8d6938,0x2fcc3385,0x10000000,0x00000000,
  0x00000ba3,0x00001746,0x262a31ae,0x00002e8c,0x00005174,0x00005d17,0x000045d1,0x71c70000,0x71c70e39,0x80000000,
  0x000045d1,0x110b37fa,0x00003a2f,0x2aab0000,0x246b0e0a,0x38e40000,0x471c38e4,0x362d3d89,0x38e4471c,0x3347333e,
  0x22684466,0x524520b6,0x638e1c72,0x5faa1043,0x44642efd,0x2afe4a98,0x4e7e1907,0x55550000,0x44300d5d,0x523a0d6c,
  0x000022e9,0x11cc1ecf,0x12071155,0x0e390000,0x0c230a73,0x1c720000,0x638e0000,0x35220dd2,0x23031c76,0x33311b12,
  0x327f2774,0x22053631,0x471c0000,0x422119df,0x422d24e2,0x0000745d,0x00008000,0x0e3971c7,0x0ed351fd,0x00005d17,
  0x0b035dc6,0x10b744a3,0x00000ba3,0x222f2974,0x0d6b6677,0x000068ba,0x2aab5555,0x1ad35696,0x1c72638e,0x00000000,
  0x00002e8c,0x11572b92,0x55552aab,0x00001746,0x1f6307d8,0x00005174,0x00000ba3,0x80000000,0x00000000,0x000045d1,
  0x40004000,0x00003a2f,0x4ccd3333,0x2666599a,0x00005d17,0x199a6666,0x73330ccd,0x00001746,0x6666199a,0x00002e8c,
  0x599a2666,0x000022e9,0x000068ba,0x0ccd7333,0x0000745d,0x00008000,0x33334ccd,0x00005174,0x3c4a0be8,0x80000000,
  0x40000000,0x23333ccd,0x00003a2f,0x000045d1,0x368817b8,0x314e21d6,0x6666199a,0x4ccd3333,0x2666599a,0x00005d17,
  0x199a6666,0x00001746,0x00000ba3,0x33334ccd,0x00005174,0x73330ccd,0x40004000,0x000068ba,0x299a3095,0x599a2666,
  0x00002e8c,0x0000745d,0x0ccd7333,0x00008000,0x00000000,0x000022e9,0x1ddf19aa,0x2d160d32,0x00001746,0x000045d1,
  0x23c43bf2,0x00003a2f,0x00000ba3,0x2aab0000,0x00000000,0x000022e9,0x00002e8c,0x231b22ca,0x2666599a,0x00005d17,
  0x199a6666,0x588f09a1,0x55550000,0x4ccd3333,0x2b9b2e11,0x80000000,0x000068ba,0x73330ccd,0x452c1627,0x6666199a,
  0x00005174,0x1e314667,0x33334ccd,0x40004000,0x599a2666,0x43fa2167,0x0000745d,0x00008000,0x0ccd7333,0x1666553d,
  0x4b2a157d,0x237516fe,0x25ee2402,0x24143a56,0x40004000,0x4ccd3333,0x48502129,0x6666199a,0x000045d1,0x1d2c482c,
  0x60330906,0x60000000,0x42a40ad4,0x1a1830ac,0x38782c4c,0x599a2666,0x40000000,0x0000745d,0x199a6666,0x000068ba,
  0x21040b74,0x00000ba3,0x00001746,0x20000000,0x00000000,0x80000000,0x73330ccd,0x00003a2f,0x00005174,0x0ccd7333,
  0x17c152a0,0x33334ccd,0x000022e9,0x00008000,0x00005d17,0x00002e8c,0x2666599a,0x67060873,0x505f0a94,0x592312dd,
  0x000045d1,0x17af3bc4,0x00003a2f,0x33330000,0x199a0000,0x1a390bb9,0x2666599a,0x33334ccd,0x1888527f,0x444329f6,
  0x4ccd3333,0x599a2666,0x1b4b17b1,0x00001746,0x2e363d34,0x40004000,0x16b146f9,0x6666199a,0x4c391f54,0x399d186d,
  0x000022e9,0x00000000,0x00000ba3,0x1aae2416,0x80000000,0x73330ccd,0x29ba4718,0x66660000,0x4ccd0000,0x11b55e77,
  0x199a6666,0x18d7303f,0x0000745d,0x00008000,0x0ccd7333,0x000068ba,0x305b322e,0x00005d17,0x325426b4,0x00005174,
  0x00002e8c,0x35400bbd,0x420b0b5f,0x2da81723,0x44dc1641,0x000045d1,0x189837e2,0x00003a2f,0x2aab0000,0x2bc20b9c,
  0x40000000,0x2666599a,0x33334ccd,0x18d35215,0x11c45e61,0x199a6666,0x40004000,0x4ccd3333,0x31ed3924,0x2aba45e1,
  0x31b22cc0,0x311621db,0x20a92bc7,0x49eb20f6,0x6666199a,0x59ce14f8,0x10323021,0x00002e8c,0x15550000,0x00000000,
  0x00000ba3,0x17ae4560,0x55550000,0x58a70b3c,0x6aab0000,0x73330ccd,0x80000000,0x17ba2443,0x1679177a,0x00001746,
  0x000022e9,0x0000745d,0x00008000,0x0ccd7333,0x15b50baa,0x00005174,0x000068ba,0x43fd2ce4,0x599a2666,0x00005d17,
  0x5dc210d3,0x56e409b7,0x4493160c,0x20453e1c,0x1425479f,0x2b39421b,0x24920000,0x28130a2e,0x36db0000,0x4ccd3333,
  0x3b5337a4,0x40004000,0x46fc09b5,0x306112c3,0x176d1735,0x13ba0b62,0x00001746,0x000045d1,0x00005174,0x599a2666,
  0x4fc21ec8,0x43c92c58,0x6666199a,0x33334ccd,0x000022e9,0x12490000,0x00000000,0x00000ba3,0x00005d17,0x000068ba,
  0x121b5c41,0x2bd31f0e,0x14e53a27,0x21c92c16,0x0f3d30b4,0x73330ccd,0x6db70000,0x1ed05003,0x5b6e0000,0x49250000,
  0x397d07bb,0x1582248f,0x0000745d,0x00008000,0x0ccd7333,0x0dd053b0,0x2cd1348f,0x386c257a,0x00003a2f,0x199a6666,
  0x00002e8c,0x2666599a,0x80000000,0x22491b65,0x70000000,0x73330ccd,0x80000000,0x00000ba3,0x00001746,0x10600c01,
  0x30000000,0x31240763,0x40000000,0x1e141b6f,0x29e12131,0x321110f1,0x0b666a21,0x0000745d,0x0ccd7333,0x0fc21881,
  0x227d0c9c,0x0bda52cc,0x0ed84703,0x00005174,0x0b6f3e02,0x18bb3ad0,0x60aa0aa7,0x5cbd1793,0x3d091a2e,0x000022e9,
  0x0d9c24cd,0x10000000,0x20000000,0x12965bf4,0x00005d17,0x546d0854,0x60000000,0x599a2666,0x6666199a,0x40004000,
  0x2c0d4312,0x33334ccd,0x4f9d1337,0x45db0bc7,0x11993436,0x00008000,0x19d64c7c,0x00003a2f,0x18a8288f,0x33d92930,
  0x4ccd3333,0x3cca3307,0x48f422c7,0x00000000,0x0b2c2edc,0x00002e8c,0x199a6666,0x28d8371b,0x21982ed8,0x1e1041b2,
  0x239d5062,0x2666599a,0x4b092bda,0x000068ba,0x000045d1,0x50000000,0x71c70000,0x73330ccd,0x80000000,0x3bc036b6,
  0x40004000,0x4ccd3333,0x2aab0000,0x2aae0adb,0x38e40000,0x254c4f82,0x18b45097,0x19305b63,0x199a6666,0x0cad67c2,
  0x0ab247dc,0x0ffa3ae1,0x000045d1,0x3082439d,0x33334ccd,0x0c765c77,0x194e43e9,0x0c32513a,0x1b152dbc,0x0df92e81,
  0x00001746,0x0b0f198e,0x0fe20d06,0x0e390000,0x1c720000,0x63fc0cf3,0x638e0000,0x550e0c76,0x55550000,0x48022983,
  0x468f1749,0x46fd0bb2,0x38d30b6d,0x00005174,0x1a43159a,0x0d2822f8,0x1ba122b5,0x0000745d,0x00008000,0x0ccd7333,
  0x00003a2f,0x471c0000,0x2666599a,0x2a401700,0x390916fe,0x2b10246e,0x000022e9,0x53eb1ad5,0x36242c4f,0x2b0a3ba0,
  0x00002e8c,0x000068ba,0x00005d17,0x599a2666,0x00000000,0x00000ba3,0x6666199a,0x22c43426,0x1f300918,0x3a862020,
  0x43d4219d,0x23c5470d,0x73330000,0x73330ccd,0x80000000,0x13fe3d3b,0x0bfd4938,0x1a47464b,0x40fa332a,0x4ccd3333,
  0x4dbd276c,0x3c870e12,0x2b781d28,0x3b271aed,0x0d5416ef,0x000022e9,0x0cd822d3,0x1a0e0b00,0x26660000,0x199a0000,
  0x346c31e0,0x33a13f80,0x3b4f24b0,0x46c51b08,0x599a2666,0x1f082df5,0x2436372a,0x00001746,0x0cf70b79,0x0a7d2dd3,
  0x0e7134f1,0x192624a0,0x65e00d91,0x66660000,0x569f0fe9,0x599a0000,0x289f3f00,0x24904c2c,0x4e5e1db0,0x2666599a,
  0x16f35a0f,0x2dd70e57,0x40000000,0x33330000,0x00002e8c,0x0000745d,0x00008000,0x0ccd7333,0x33334ccd,0x199a6666,
  0x434326fa,0x23a4198f,0x1c1c161c,0x49ea0dfd,0x40004000,0x6666199a,0x596f1b19,0x0daf534d,0x000045d1,0x00003a2f,
  0x09b25f07,0x00005d17,0x000068ba,0x18de4ff5,0x0ccd0000,0x00000000,0x00000ba3,0x2eef28a1,0x0bd767f7,0x00005174,
  0x25ec097e,0x4ccd0000,0x00000ba3,0x745d0ba3,0x3d1705d1,0x000045d1,0x3a2f45d1,0x00003a2f,0x45d13a2f,0x22e95d17,
  0x00005d17,0x174668ba,0x68ba1746,0x00001746,0x5d1722e9,0x00002e8c,0x51742e8c,0x000022e9,0x80000000,0x000068ba,
  0x0ba3745d,0x0000745d,0x00008000,0x2e8c5174,0x00005174,0x00000000,0x745d0ba3,0x80000000,0x422d07a4,0x270731f5,
  0x00003a2f,0x45d13a2f,0x20004000,0x000045d1,0x22e95d17,0x00005d17,0x174668ba,0x31a41d13,0x5d1722e9,0x68ba1746,
  0x3a2f45d1,0x2e8c5174,0x382711c1,0x000068ba,0x00000ba3,0x00001746,0x00005174,0x208b04d2,0x40000000,0x0ba3745d,
  0x0000745d,0x00008000,0x00000000,0x00002e8c,0x2bde2853,0x51742e8c,0x000022e9,0x27b2175b,0x415b0b6f,0x1d8b0df1,
  0x00005d17,0x22e95d17,0x145d5746,0x2aab0000,0x55550000,0x00005174,0x174668ba,0x745d0ba3,0x80000000,0x45d13a2f,
  0x2623340d,0x20413f8c,0x00000ba3,0x00001746,0x2e8c5174,0x000068ba,0x00002e8c,0x2d4d2751,0x68ba1746,0x4e8913ad,
  0x428a1caf,0x1b664938,0x000045d1,0x51742e8c,0x5d1722e9,0x00000000,0x3a2f45d1,0x000022e9,0x00003a2f,0x0000745d,
  0x00008000,0x0ba3745d,0x25e21f91,0x46b02603,0x33442193,0x324c2ee0,0x56e812b1,0x4d561c25,0x68ba1746,0x1c0d0f67,
  0x20000000,0x00000ba3,0x3954146a,0x1af11bf1,0x19012812,0x51742e8c,0x5d1722e9,0x00001746,0x174668ba,0x22e95d17,
  0x000068ba,0x159454c5,0x2e8c5174,0x4ec509fc,0x745d0ba3,0x60000000,0x00000000,0x3a2f45d1,0x1a704abf,0x40000000,
  0x15863291,0x00003a2f,0x20533d2c,0x00002e8c,0x34080929,0x00005174,0x0000745d,0x45d13a2f,0x000045d1,0x00008000,
  0x0ba3745d,0x80000000,0x00005d17,0x000022e9,0x14ac33ed,0x2a313a91,0x2a202d98,0x139f1251,0x19cc1c0b,0x276b12a0,
  0x33330000,0x199a0000,0x20e60a01,0x00005174,0x1a7d48d3,0x000045d1,0x0fc26068,0x149e5663,0x00005d17,0x00000ba3,
  0x00001746,0x3c313159,0x51742e8c,0x416025dc,0x2a792372,0x39391952,0x5d1722e9,0x68ba1746,0x510f1bdd,0x000022e9,
  0x00000000,0x58660835,0x3d8c0b72,0x54e311f5,0x66660000,0x745d0ba3,0x80000000,0x3a2f45d1,0x2e8c5174,0x11df3e43,
  0x0000745d,0x00008000,0x0ba3745d,0x15d82869,0x45d13a2f,0x22e95d17,0x000068ba,0x00002e8c,0x00003a2f,0x174668ba,
  0x4ccd0000,0x3fce158d,0x49500abe,0x30c30d42,0x37153239,0x294d28ca,0x1ce635e6,0x2aab0000,0x40000000,0x161e54a2,
  0x25874a6a,0x13c548df,0x100f600e,0x00005d17,0x530e12e1,0x11f03f9c,0x29083f4a,0x68ba1746,0x5ee90ac1,0x51742e8c,
  0x43fc26a1,0x3a781f3c,0x28b81b1f,0x000045d1,0x15550000,0x00000000,0x00000ba3,0x212d13f2,0x55550000,0x6aab0000,
  0x745d0ba3,0x80000000,0x5d1722e9,0x4e861c14,0x139419f7,0x00001746,0x000022e9,0x0000745d,0x00008000,0x0ba3745d,
  0x45d13a2f,0x12072f4e,0x00002e8c,0x13f0251b,0x17a50d71,0x00003a2f,0x00005174,0x000068ba,0x174668ba,0x22e95d17,
  0x3a2f45d1,0x2e8c5174,0x49cc1667,0x4b850a69,0x3aab1258,0x00003a2f,0x11c13c40,0x124d30c5,0x24920000,0x2669085c,
  0x36db0000,0x1e223d8e,0x151b4749,0x22e95d17,0x0e54623f,0x174668ba,0x125218e2,0x14990c22,0x00001746,0x3b733170,
  0x24fa33e5,0x2cb33ecb,0x47c623de,0x51742e8c,0x5d1722e9,0x09d96c16,0x000068ba,0x12490000,0x00000000,0x00000ba3,
  0x45d13a2f,0x253a4d5e,0x745d0ba3,0x6db70000,0x5e270d62,0x33fa295a,0x68ba1746,0x578219f8,0x49250000,0x5b6e0000,
  0x3ded0855,0x2f700ce6,0x0000745d,0x00008000,0x0ba3745d,0x11ee55c1,0x00005d17,0x2486271d,0x00005174,0x000045d1,
  0x209710c6,0x262d1996,0x37271e72,0x00002e8c,0x128e24a2,0x000022e9,0x80000000,0x2e8c5174,0x3a2f45d1,0x4d5a1755,
  0x502b0ad9,0x3f671377,0x30000000,0x21750be2,0x32da0ce8,0x1c261f03,0x124118ae,0x0e8925f3,0x0a176b9e,0x0ba3745d,
  0x174668ba,0x50000000,0x43af08a5,0x20000000,0x109e0be9,0x2bf13940,0x286b451a,0x37bf3a5d,0x594c1a73,0x608f0da6,
  0x4ac12515,0x51742e8c,0x5d1722e9,0x3bf22080,0x000022e9,0x00001746,0x10000000,0x0c795529,0x1c1a52de,0x12b7487f,
  0x2c681c8d,0x70000000,0x745d0ba3,0x80000000,0x3a2f45d1,0x2e8c5174,0x60000000,0x230615ce,0x43513155,0x36d02e7e,
  0x1c862a13,0x0000745d,0x00008000,0x0f8d5fe6,0x1faf3d76,0x250a32d5,0x2cf22817,0x22e95d17,0x45d13a2f,0x00005174,
  0x0c463079,0x00003a2f,0x1252399f,0x00000000,0x00000ba3,0x00002e8c,0x000045d1,0x40000000,0x68ba1746,0x00005d17,
  0x000068ba,0x71c70000,0x745d0ba3,0x80000000,0x000045d1,0x0d9b3d03,0x00003a2f,0x2aab0000,0x2b750b75,0x38e40000,
  0x0f5c1743,0x1d350b79,0x0e8a0b9b,0x22e95d17,0x0fed5fa0,0x174668ba,0x1ec81685,0x352c2f2a,0x3d8222a5,0x2a5f298d,
  0x5a461731,0x4bda16fd,0x4e1c22cd,0x51742e8c,0x5d1722e9,0x32bb1b77,0x42782e83,0x66140b9d,0x638e0000,0x57c80b94,
  0x55550000,0x3a2f45d1,0x281c4567,0x2e8c5174,0x1b782a24,0x236e1fcd,0x399b0d6c,0x36c039be,0x28c23760,0x11a123c9,
  0x0000745d,0x00008000,0x0ba3745d,0x1d5252e2,0x49970bac,0x471c0000,0x0e390000,0x1c720000,0x000068ba,0x0a2b6b90,
  0x0dd3534e,0x18994a6b,0x0d1b485b,0x45d13a2f,0x1a9e4023,0x00000000,0x00000ba3,0x2b9a1555,0x1b883442,0x3fdb160a,
  0x68ba1746,0x00005d17,0x00005174,0x00002e8c,0x000022e9,0x0e5f3152,0x00001746,0x73330000,0x745d0ba3,0x80000000,
  0x0fbc45c6,0x0c6d398a,0x000045d1,0x096e30c1,0x00003a2f,0x2cc43d22,0x30df44bb,0x390c3acf,0x22e95d17,0x1103603f,
  0x174668ba,0x26660000,0x1c130c3e,0x2912085c,0x282b34cd,0x34e9319c,0x3d2a17ee,0x318915bb,0x30b22166,0x5116229b,
  0x51742e8c,0x5d1722e9,0x00001746,0x000022e9,0x0ef41885,0x18de1dca,0x1a29157b,0x3bfa2472,0x47c5215a,0x45d01a59,
  0x67990bc3,0x66660000,0x5aaa0c35,0x599a0000,0x3a2f45d1,0x2e8c5174,0x4be80e05,0x503f1800,0x00005174,0x3f0f0ba5,
  0x4ccd0000,0x07a85ebd,0x00005d17,0x000068ba,0x249d1fda,0x24c01360,0x0000745d,0x00008000,0x0ba3745d,0x19a54b14,
  0x25d04872,0x1fcc4069,0x16bb2b7f,0x0d920bf2,0x199a0000,0x0ccd0000,0x5c3c1775,0x0d9d54e5,0x1aa93739,0x251b2b50,
  0x43b92d5d,0x00000000,0x00000ba3,0x0a626bb0,0x2fc52b1d,0x32f00a2f,0x33330000,0x68ba1746,0x1d4253de,0x40000000,
  0x0bff2600,0x00002e8c,0x45d13a2f,0x00000000,0x00000ba3,0x0ba30000,0x0ba30ba3,0x17460000,0x00001746,0x17460ba3,
  0x22e90000,0x0ba31746,0x000022e9,0x22e90ba3,0x2e8c0000,0x17461746,0x0ba322e9,0x00002e8c,0x2e8c0ba3,0x3a2f0000,
  0x22e91746,0x174622e9,0x0ba32e8c,0x00003a2f,0x3a2f0ba3,0x45d10000,0x2e8c1746,0x22e922e9,0x17462e8c,0x0ba33a2f,
  0x000045d1,0x45d10ba3,0x51740000,0x3a2f1746,0x2e8c22e9,0x22e92e8c,0x17463a2f,0x0ba345d1,0x00005174,0x51740ba3,
  0x5d170000,0x45d11746,0x3a2f22e9,0x2e8c2e8c,0x22e93a2f,0x174645d1,0x0ba35174,0x00005d17,0x5d170ba3,0x68ba0000,
  0x51741746,0x45d122e9,0x3a2f2e8c,0x2e8c3a2f,0x22e945d1,0x17465174,0x0ba35d17,0x000068ba,0x68ba0ba3,0x745d0000,
  0x5d171746,0x517422e9,0x45d12e8c,0x3a2f3a2f,0x2e8c45d1,0x22e95174,0x17465d17,0x0ba368ba,0x0000745d,0x745d0ba3,
  0x80000000,0x68ba1746,0x5d1722e9,0x51742e8c,0x45d13a2f,0x3a2f45d1,0x2e8c5174,0x22e95d17,0x174668ba,0x0ba3745d,
  0x00008000
];

/// Per-triangle indices: three 8-bit vertex indices packed into the low 24
/// bits (`[i0,i1,i2]` = `0x00_i2_i1_i0`), relative to the config's first vertex.
#[rustfmt::skip]
pub static TRIANGLES: [u32; 8542] = [
  0x00020100,0x00020100,0x00020301,0x00020100,0x00040301,0x00010204,0x00020100,0x00040302,0x00030102,0x00030501,
  0x00020100,0x00020301,0x00020403,0x00020100,0x00040301,0x00010204,0x00040503,0x00020100,0x00040003,0x00030504,
  0x00040200,0x00000106,0x00060300,0x00010706,0x00020100,0x00040301,0x00010504,0x00010205,0x00040603,0x00020100,
  0x00050403,0x00070600,0x00080001,0x00040803,0x00040708,0x00070008,0x00010308,0x00020100,0x00040302,0x00030102,
  0x00030501,0x00070604,0x00060304,0x00060803,0x00080503,0x00080905,0x00020100,0x00020403,0x00020504,0x00020301,
  0x00020100,0x00050403,0x00030205,0x00020301,0x00050604,0x00020100,0x00040301,0x00060500,0x00010204,0x00000106,
  0x00040703,0x00020100,0x00050403,0x00030605,0x00020301,0x00030206,0x00050704,0x00020100,0x00050403,0x00070600,
  0x00030805,0x00000107,0x00030108,0x00020801,0x00030701,0x00050904,0x00020100,0x00050403,0x00080706,0x000a0903,
  0x00060b08,0x00040c0a,0x000c0b0a,0x000b090a,0x00010b00,0x000c080b,0x000a0304,0x000b0600,0x00090b01,0x00020901,
  0x00020100,0x00050403,0x00030206,0x00030605,0x00000702,0x00050804,0x00020301,0x00020100,0x00050403,0x00070600,
  0x00090108,0x00030805,0x00000907,0x00080309,0x00030709,0x00000109,0x00050a04,0x00020100,0x00040103,0x00070605,
  0x00000802,0x00090301,0x00050107,0x00090a03,0x00020901,0x000b0403,0x000b030a,0x00040701,0x000a0c0b,0x00010500,
  0x00020100,0x00040302,0x00030102,0x00030501,0x00070604,0x00060304,0x00060803,0x00080503,0x00080905,0x000b0a07,
  0x000a0607,0x000a0c06,0x000c0806,0x000c0d08,0x000d0908,0x000d0e09,0x00020100,0x00020403,0x00020605,0x00020301,
  0x00020504,0x00020100,0x00040203,0x00060502,0x00020401,0x00060705,0x00030205,0x00020100,0x00050403,0x00010706,
  0x00000304,0x00060001,0x00020008,0x00000408,0x00020100,0x00050403,0x00060304,0x00020607,0x00080706,0x00020701,
  0x00060408,0x00020100,0x00050403,0x00070600,0x00080304,0x00000107,0x00090108,0x00010208,0x00080409,0x00020100,
  0x00050403,0x00070600,0x00010208,0x00000107,0x00040a09,0x00020b08,0x00090a08,0x000a0108,0x0009080b,0x00090304,
  0x00020100,0x00050403,0x00050604,0x00080704,0x00020501,0x00050206,0x00080907,0x00040703,0x00020100,0x00050403,
  0x00070600,0x000a0908,0x00050309,0x00000107,0x00030809,0x000a010b,0x000a0b09,0x00020b01,0x000a0701,0x00020100,
  0x00050403,0x00080706,0x000a0904,0x000a0405,0x00060108,0x00050b0a,0x000b010a,0x000a0209,0x00020a01,0x000b0801,
  0x000e0d0c,0x00010600,0x000c0503,0x0003040e,0x00000f02,0x000f0902,0x000e0c03,0x00020100,0x00050403,0x00080706,
  0x000a0109,0x000c090b,0x000d0607,0x0009040a,0x00040e0a,0x000a0001,0x000e000a,0x00050d07,0x000d0f06,0x000b1110,
  0x000e0800,0x0010030c,0x00050704,0x00040c03,0x00080e07,0x000e0407,0x00100c0b,0x0004090c,0x00020100,0x00050403,
  0x00050604,0x00080704,0x00090200,0x00010a00,0x000a0509,0x000a0900,0x00080b07,0x00050a06,0x00040703,0x00020100,
  0x00050403,0x00070602,0x00090803,0x0005030a,0x00020b07,0x0002000b,0x00090b08,0x0003080a,0x0000080b,0x0009070b,
  0x00050c04,0x00020100,0x00050403,0x00080706,0x00040509,0x000b0a04,0x00060c08,0x000d0905,0x000c0600,0x00050e0c,
  0x000d0c00,0x000e080c,0x000b0f0a,0x00000602,0x000d0109,0x00021001,0x000d0001,0x00040a03,0x00030e05,0x000c0d05,
  0x00020100,0x00050403,0x00080706,0x000a0109,0x000d0c0b,0x000e0607,0x00090b04,0x00040a09,0x000d0f0c,0x0000010a,
  0x00050e07,0x000e1006,0x000d110f,0x000a0800,0x000c0304,0x00050704,0x000c0f03,0x00080a07,0x000a0407,0x00040b0c,
  0x00020100,0x00040302,0x00030102,0x00030501,0x00070604,0x00060304,0x00060803,0x00080503,0x00080905,0x000b0a07,
  0x000a0607,0x000a0c06,0x000c0806,0x000c0d08,0x000d0908,0x000d0e09,0x00100f0b,0x000f0a0b,0x000f110a,0x00110c0a,
  0x0011120c,0x00120d0c,0x0012130d,0x00130e0d,0x0013140e,0x00020100,0x00020403,0x00020605,0x00020701,0x00020307,
  0x00020504,0x00020100,0x00040203,0x00060502,0x00020701,0x00060805,0x00020407,0x00030205,0x00020100,0x00040103,
  0x00000502,0x00070601,0x00080001,0x00070906,0x00010408,0x00030106,0x00020100,0x00050403,0x00070406,0x00020708,
  0x00060807,0x00020901,0x00020809,0x00070304,0x00020100,0x00050403,0x00000602,0x00030705,0x00080001,0x00070309,
  0x00070901,0x000a0109,0x00010a08,0x00020100,0x00050403,0x00080706,0x00090304,0x00060208,0x0001090a,0x000b0901,
  0x0009040a,0x000b0102,0x00000802,0x00020100,0x00050403,0x00050604,0x00080704,0x00020901,0x00050906,0x00080a07,
  0x00040703,0x00020609,0x00020100,0x00050403,0x00010706,0x00050804,0x00090304,0x00060001,0x00050008,0x00090b0a,
  0x00090a03,0x00000502,0x00020100,0x00050403,0x00080706,0x00090401,0x000c0b0a,0x0008060d,0x00090a04,0x00050e01,
  0x00020901,0x000e0001,0x0006000d,0x000c0f0b,0x00000e0d,0x000e080d,0x000a0b03,0x000a0304,0x00050104,0x00020100,
  0x00040103,0x00070605,0x00090805,0x000b010a,0x000c0506,0x00020a01,0x00080001,0x000e0d0b,0x000a0e0b,0x00100f00,
  0x0006110c,0x000e120d,0x00080910,0x00000f02,0x000c0905,0x000b0301,0x00040801,0x00030b0d,0x00050807,0x00040708,
  0x00081000,0x00020100,0x00050403,0x00050604,0x00080704,0x00090001,0x00050906,0x00090a00,0x0009050a,0x00080b07,
  0x00040703,0x00020100,0x00050403,0x00020601,0x00040507,0x00080304,0x00090001,0x000a0200,0x00080c0b,0x000d0705,
  0x000a000d,0x00080b03,0x00090e00,0x000e0d00,0x00050a0d,0x000d0e07,0x00020100,0x00050403,0x00080706,0x00040509,
  0x000b0a04,0x00060108,0x000c0905,0x000d0c05,0x000e0c02,0x00020c01,0x000f0801,0x000b100a,0x00010600,0x00010c0f,
  0x000c0e09,0x000e0211,0x00001102,0x00030d05,0x000d0f0c,0x00040a03,0x00020100,0x00050403,0x00080706,0x000a0409,
  0x000c0b0a,0x000d0607,0x00020904,0x00040e02,0x000c0f0b,0x00111000,0x00120d07,0x000d1306,0x000c140f,0x00010811,
  0x00150010,0x00040a0b,0x000b0304,0x0001020e,0x000b0f03,0x00080107,0x00010e07,0x00021509,0x00070e12,0x0004050e,
  0x0005120e,0x00001502,0x00011100,0x00020100,0x00050403,0x00080706,0x000a0309,0x000d0c0b,0x000e0607,0x0011100f,
  0x00120c0d,0x000d0412,0x0013000b,0x00140e07,0x000e1506,0x0017160a,0x00070c12,0x00130b0c,0x000c0813,0x00170a09,
  0x00101709,0x00110f0b,0x00080c07,0x00040512,0x00040903,0x000b0001,0x0010090f,0x00071214,0x00040d0f,0x00051412,
  0x00040f09,0x000d0b0f,0x0001110b,0x00020100,0x00050403,0x00020006,0x00030705,0x000a0908,0x00030607,0x000b0108,
  0x000b0001,0x00050c04,0x0008090b,0x00020603,0x00020100,0x00050403,0x00020601,0x00090807,0x000a0304,0x000c0b01,
  0x00090200,0x000a0e0d,0x00070509,0x000f0209,0x000a0d03,0x00050704,0x000b0900,0x00010b00,0x0009050f,0x00090b08,
  0x00020100,0x00050403,0x00080706,0x00030a09,0x0005030b,0x00060c08,0x000f0e0d,0x000d0c10,0x000f1002,0x000c0110,
  0x0011080c,0x00051204,0x00010600,0x000e090d,0x000a110d,0x000c0d11,0x000f0d10,0x000e0b09,0x0003090b,0x000c0601,
  0x00130200,0x00010210,0x000a0d09,0x00020100,0x00050403,0x00010706,0x00040508,0x000b0a09,0x000c0607,0x000e0d04,
  0x0008020e,0x0010000f,0x00000e02,0x00110c07,0x000c1206,0x000b1413,0x00160015,0x00170f16,0x0000160f,0x0009040d,
  0x000a0304,0x00051108,0x000a1303,0x00010207,0x00020807,0x000d0e10,0x000e0010,0x000e0408,0x00070811,0x00061501,
  0x00150001,0x0004090a,0x000b130a,0x00020100,0x00050403,0x00080706,0x000b0a09,0x0003080c,0x000c0806,0x000a0b0d,
  0x000d0e0a,0x00090f01,0x0000010f,0x00121110,0x00111413,0x0006150c,0x000e1016,0x00070d0b,0x000f1617,0x00161817,
  0x0008040d,0x00080304,0x0007080d,0x000a160f,0x000e0d04,0x00050e04,0x0017000f,0x0005120e,0x00100e12,0x000a0e16,
  0x00131810,0x00101113,0x00161018,0x00090a0f,0x00020100,0x00040302,0x00030102,0x00030501,0x00070604,0x00060304,
  0x00060803,0x00080503,0x00080905,0x000b0a07,0x000a0607,0x000a0c06,0x000c0806,0x000c0d08,0x000d0908,0x000d0e09,
  0x00100f0b,0x000f0a0b,0x000f110a,0x00110c0a,0x0011120c,0x00120d0c,0x0012130d,0x00130e0d,0x0013140e,0x00161510,
  0x00150f10,0x0015170f,0x0017110f,0x00171811,0x00181211,0x00181912,0x00191312,0x00191a13,0x001a1413,0x001a1b14,
  0x00020100,0x00020403,0x00020605,0x00020701,0x00020307,0x00020806,0x00020504,0x00020100,0x00050403,0x00040603,
  0x00080207,0x00020607,0x00020901,0x00020809,0x00020306,0x00020100,0x00050403,0x00020601,0x00080703,0x00040001,
  0x000a0409,0x00040509,0x00080304,0x00040a00,0x00020100,0x00050403,0x00060205,0x00070206,0x00040502,0x00020801,
  0x00020708,0x00090304,0x00090a03,0x00020100,0x00050403,0x00000602,0x00070304,0x00080001,0x00010908,0x0009010a,
  0x00030a05,0x00040b07,0x0001050a,0x00020100,0x00000302,0x00060504,0x00020307,0x00040806,0x000b0a09,0x0009070b,
  0x00090a08,0x000c080a,0x000c0608,0x00030b07,0x00020100,0x00050403,0x00070603,0x00080607,0x00020901,0x00020304,
  0x00080a06,0x00050306,0x00020409,0x00080b0a,0x00020100,0x00050403,0x00020601,0x00090807,0x000a0809,0x00040001,
  0x00030708,0x000a0c0b,0x00070304,0x000a0b08,0x00040500,0x00020100,0x00050403,0x00080706,0x00020a09,0x000c050b,
  0x00060c08,0x00090304,0x00050d04,0x00090a03,0x000d050c,0x000b080c,0x0002000a,0x00020100,0x00050403,0x00080706,
  0x00050904,0x00050a09,0x000b0001,0x000b0300,0x00040d0c,0x00060d09,0x0002040c,0x0008060a,0x00080e07,0x00100f0b,
  0x0010110f,0x000a0609,0x00100b01,0x00040003,0x00040200,0x000d0409,0x00020100,0x00050403,0x00070306,0x00090807,
  0x00070803,0x000a0205,0x00020a01,0x00060304,0x00090b08,0x00090c0b,0x00040502,0x00020100,0x00000302,0x00010504,
  0x00080706,0x00090708,0x00040001,0x00070a06,0x00000b03,0x000a030b,0x00090c07,0x000a0b06,0x00090d0c,0x00020100,
  0x00050403,0x00080706,0x00000809,0x00020906,0x00030b0a,0x00020009,0x000d0c0a,0x0004010e,0x00040b03,0x00030a0c,
  0x00050001,0x00010405,0x000d0f0c,0x000d100f,0x00040e0b,0x00021101,0x00110e01,0x00090806,0x00020100,0x00050403,
  0x00080706,0x00090105,0x000c0b0a,0x000d0607,0x000e0a04,0x00100f00,0x00011000,0x00030905,0x00110106,0x0007120d,
  0x000c130b,0x00011110,0x000f1400,0x00020014,0x000c1513,0x00040a0b,0x00020501,0x0003040b,0x00060108,0x00090801,
  0x0002140e,0x0004020e,0x00040502,0x000d1106,0x00020100,0x00050403,0x00080706,0x000b0a09,0x00040b0c,0x000d0607,
  0x00090c0b,0x0004050e,0x00010e00,0x000e0f00,0x00111005,0x0007120d,0x00031105,0x000e130f,0x000f1400,0x00151310,
  0x00181716,0x000c0304,0x00151006,0x00030c19,0x00061008,0x000d1506,0x0001020a,0x0018161a,0x00191a16,0x00020014,
  0x0001040e,0x0009181a,0x00100e05,0x00110810,0x0004010b,0x00010a0b,0x000e1013,0x00091a0c,0x001a190c,0x00020100,
  0x00050403,0x00050604,0x00090807,0x000a0001,0x00080407,0x000a0b00,0x000a050b,0x00090c08,0x00090d0c,0x00050a06,
  0x00040803,0x00020100,0x00050403,0x00000602,0x00020701,0x000a0908,0x000c050b,0x00090c08,0x00030e0d,0x000f0c0b,
  0x000d0503,0x00050d0b,0x000a1009,0x00040103,0x000a1110,0x00080c0f,0x000b0d0f,0x00070e01,0x000e0301,0x00040001,
  0x00020100,0x00050403,0x00080706,0x00050309,0x000c0b0a,0x00060d08,0x00010903,0x000e0d01,0x000a0b04,0x00000f02,
  0x000e080d,0x000c100b,0x000d0611,0x00110f00,0x0004050a,0x000c1210,0x00010209,0x000d0001,0x000b1304,0x00031401,
  0x000d1100,0x000e0114,0x00131403,0x00130304,0x00020100,0x00050403,0x00080706,0x000b0a09,0x000e0d0c,0x000f0607,
  0x000b100a,0x00121100,0x00010213,0x00040a10,0x00140f07,0x000f1506,0x000e160d,0x00010812,0x00170011,0x00020017,
  0x000c100b,0x000e1816,0x000c0d10,0x00011200,0x0003100d,0x00080107,0x00011307,0x000a0209,0x00170902,0x00020a13,
  0x00030410,0x000a0413,0x00071314,0x00040513,0x00051413,0x00020100,0x00050403,0x00070604,0x000a0908,0x000d0c0b,
  0x000e0704,0x00050904,0x00100f06,0x00111006,0x000f1312,0x00111410,0x00141615,0x00081701,0x00001213,0x00180c0a,
  0x000a0c09,0x000f1019,0x001c1b1a,0x00180b0c,0x000f0306,0x00171201,0x00130f19,0x001c1a0b,0x00080517,0x00051217,
  0x00071106,0x00040c0e,0x000b1a0d,0x000f0503,0x00181c0b,0x0004090c,0x00050809,0x000d0e0c,0x00040603,0x00050f12,
  0x00000112,0x00191015,0x00101415,0x00020100,0x00050403,0x00080706,0x000b0a09,0x000c040b,0x000d0607,0x000a0b05,
  0x00050f0e,0x0010070f,0x00000111,0x00120d10,0x00121413,0x00110a15,0x00111600,0x000c0b17,0x000e1505,0x000a0515,
  0x001a1918,0x001b0304,0x00030f05,0x0007080e,0x000e0f07,0x000a1c09,0x000a111c,0x00011c11,0x001d0c18,0x001b041d,
  0x00111516,0x000e1615,0x0012130d,0x000f1e10,0x000e0816,0x000d1306,0x00171a0c,0x001a180c,0x0009170b,0x0007100d,
  0x000c1d04,0x00050b04,0x001b1e03,0x001e0f03,0x00020100,0x00050403,0x00050604,0x00090807,0x000b0a00,0x000b050c,
  0x000b0c0a,0x0002000a,0x00090d08,0x00090e0d,0x00080407,0x00050b06,0x00040803,0x00020100,0x00040300,0x00070605,
  0x00070806,0x000b0a09,0x000d050c,0x000a0e09,0x0003070f,0x000e0110,0x000b110a,0x000d020f,0x00040001,0x000f0200,
  0x00060c05,0x000b1211,0x00090e10,0x0004010e,0x000f0003,0x0007050f,0x00050d0f,0x00020100,0x00040301,0x00070605,
  0x00030408,0x000a0209,0x00050b07,0x000c0804,0x000e0d0c,0x000c100f,0x00100c0b,0x000d070b,0x000a1102,0x00030900,
  0x00100b12,0x000b0512,0x000b0c0d,0x00010300,0x000a1311,0x000c0f08,0x00151412,0x00101214,0x000e0c04,0x00010e04,
  0x00140f10,0x00090200,0x00020100,0x00050403,0x00080706,0x000b0a09,0x000e0d0c,0x000a0f09,0x00110710,0x00130b12,
  0x00080614,0x00001502,0x00130a0b,0x000a160f,0x000e170d,0x00180001,0x001a1918,0x00001819,0x000c1110,0x00001915,
  0x000e1b17,0x00041103,0x00051204,0x0003110d,0x0009020b,0x00021c0b,0x0002151c,0x00140615,0x00061c15,0x00120513,
  0x000b1c12,0x00141519,0x000f0109,0x00010209,0x00110c0d,0x00081007,0x0006041c,0x0004121c,0x00110407,0x00040607,
  0x00020100,0x00050403,0x00050604,0x00090807,0x000c0b0a,0x000f0e0d,0x00121110,0x00060010,0x00130b11,0x00091000,
  0x00140f0d,0x000f150e,0x000e020d,0x00160901,0x00170816,0x00091608,0x000b0411,0x000c030b,0x001a1918,0x001a0a1b,
  0x00100406,0x0002000d,0x000b1b0a,0x00100907,0x00121311,0x00100712,0x001a180a,0x00040b03,0x000a180c,0x00041011,
  0x001b0b13,0x00060514,0x00090001,0x00140d06,0x000d0006,0x00020100,0x00050403,0x00080706,0x000a0903,0x000c0a0b,
  0x00070e0d,0x0008100f,0x00070d11,0x00100812,0x00120601,0x00151413,0x00181716,0x00161318,0x00061900,0x000e130d,
  0x00161a13,0x00000106,0x000f041b,0x001e1d1c,0x00040a03,0x00051504,0x00131418,0x001a110d,0x00150e1b,0x00040f0a,
  0x00080612,0x000c090a,0x00131a0d,0x00090c1c,0x0007080e,0x000f1b08,0x00150514,0x00071119,0x000e081b,0x000f1f0a,
  0x00151b04,0x001f0f10,0x000b0a1f,0x000b1e0c,0x001e1c0c,0x00071906,0x00130e15,0x00020100,0x00040302,0x00030102,
  0x00030501,0x00070604,0x00060304,0x00060803,0x00080503,0x00080905,0x000b0a07,0x000a0607,0x000a0c06,0x000c0806,
  0x000c0d08,0x000d0908,0x000d0e09,0x00100f0b,0x000f0a0b,0x000f110a,0x00110c0a,0x0011120c,0x00120d0c,0x0012130d,
  0x00130e0d,0x0013140e,0x00161510,0x00150f10,0x0015170f,0x0017110f,0x00171811,0x00181211,0x00181912,0x00191312,
  0x00191a13,0x001a1413,0x001a1b14,0x001d1c16,0x001c1516,0x001c1e15,0x001e1715,0x001e1f17,0x001f1817,0x001f2018,
  0x00201918,0x00202119,0x00211a19,0x0021221a,0x00221b1a,0x0022231b,0x00020100,0x00020403,0x00020605,0x00020807,
  0x00020701,0x00020308,0x00020906,0x00020504,0x00020100,0x00040203,0x00060502,0x00020807,0x00090205,0x00020701,
  0x00060a05,0x00020408,0x00030209,0x00020100,0x00040003,0x00070605,0x00000908,0x00010700,0x000a0809,0x00000402,
  0x00030008,0x00090b0a,0x00050007,0x00020100,0x00050403,0x00060205,0x00070206,0x00040502,0x00020908,0x00020709,
  0x000a0304,0x000a0b03,0x00020801,0x00020100,0x00050403,0x00080706,0x00090304,0x00080601,0x00000a02,0x000a000b,
  0x00030b05,0x00040c09,0x00000106,0x0000050b,0x00020100,0x00050403,0x00080706,0x00040903,0x000a0001,0x000c0b01,
  0x00010b0a,0x00010d0c,0x00090c0d,0x00000802,0x000d0309,0x00060208,0x00020100,0x00050403,0x00070603,0x00080607,
  0x00020a09,0x00020304,0x00080b06,0x00050306,0x0002040a,0x00080c0b,0x00020901,0x00020100,0x00050403,0x00080706,
  0x00030905,0x000b0a09,0x00080601,0x00000304,0x000b0c0a,0x000a0509,0x000b0d0c,0x00000402,0x00000106,0x00020100,
  0x00040103,0x00070605,0x000a0908,0x000a0c0b,0x000d0001,0x000e0b03,0x000e0301,0x00050007,0x000a080c,0x00000502,
  0x0001040d,0x000c030b,0x00020100,0x00040302,0x00070605,0x00060708,0x00090001,0x00050a07,0x00030102,0x00040b03,
  0x000a040c,0x000b040a,0x000c070a,0x00080d06,0x00090e00,0x00090f0e,0x00020100,0x00050403,0x00060304,0x00090807,
  0x00060703,0x000a0205,0x00020a0b,0x00040502,0x00090c08,0x00020b01,0x00090d0c,0x00080307,0x00020100,0x00050403,
  0x00080706,0x000a0309,0x000c0b0a,0x00010800,0x000c0e0d,0x00090304,0x00050204,0x000c0d0b,0x000a0b03,0x00060008,
  0x00000402,0x00020100,0x00050403,0x00080706,0x000b0a09,0x000b0d0c,0x000e0001,0x000c0304,0x00000f05,0x0004050f,
  0x000b090d,0x0001060e,0x00000502,0x00060108,0x00030c0d,0x00020100,0x00050403,0x00070602,0x00040803,0x000b0a09,
  0x00020007,0x000c0804,0x0003080a,0x00010e0d,0x00050f0d,0x000f0700,0x00111006,0x000d0c04,0x000d0405,0x000b120a,
  0x000a0809,0x000c0d0e,0x000f000d,0x00060711,0x00010d00,0x000b1312,0x00020100,0x00050403,0x00040506,0x00090807,
  0x000c0b0a,0x000e0c0d,0x000f0605,0x000c0e0b,0x00110210,0x00110809,0x000e0d0f,0x000b120a,0x00130309,0x00041109,
  0x00001402,0x00141002,0x00000115,0x00110406,0x00181716,0x00071309,0x000f0d06,0x00190d0c,0x0001060d,0x0019150d,
  0x00130716,0x00111008,0x00040903,0x00071816,0x00021101,0x0015010d,0x00011106,0x000a190c,0x00020100,0x00050403,
  0x00050604,0x00090807,0x000b0a01,0x00080407,0x000c010a,0x0006050b,0x00090d08,0x0000010c,0x00090e0d,0x000a0b05,
  0x00040803,0x00020100,0x00050403,0x00080706,0x00050904,0x000c0b0a,0x00060200,0x000d0001,0x000c0e0b,0x00030a0b,
  0x000a0304,0x000c0f0e,0x0001050d,0x00060008,0x00050109,0x00020100,0x00000403,0x00070605,0x00040008,0x000b0a09,
  0x000e0d0c,0x000f0c01,0x00080001,0x00040a03,0x0010010c,0x00100801,0x000b110a,0x000e0c12,0x000e1205,0x000c1312,
  0x00070512,0x000c0d10,0x00130712,0x00030200,0x000a0409,0x000b1411,0x00020f01,0x000f130c,0x00020100,0x00050403,
  0x00080706,0x000a0309,0x000c0a0b,0x000e0d00,0x000b090f,0x00111008,0x00130212,0x00130f04,0x0000010e,0x00101407,
  0x000c150a,0x000d0e06,0x00161200,0x00020012,0x000d1600,0x0008060e,0x00171101,0x000c1815,0x000a090b,0x00051702,
  0x000f0904,0x0001080e,0x00170102,0x00070810,0x00030409,0x00040502,0x00130402,0x00110801,0x00020100,0x00050403,
  0x00080706,0x000b0a09,0x000c0b09,0x000e080d,0x00000f02,0x00100204,0x00131211,0x000d1014,0x00160915,0x00181707,
  0x0004020f,0x000c100b,0x001a190b,0x00030f13,0x00100c02,0x0001020c,0x000d061a,0x000e1808,0x00060d08,0x00111c1b,
  0x0012130f,0x000e0d14,0x0006191a,0x001a100d,0x0016010c,0x00070818,0x001b1311,0x000b101a,0x000f0012,0x00190a0b,
  0x00051410,0x0009160c,0x0003040f,0x000a1509,0x00040510,0x00020100,0x00010203,0x00060504,0x00090807,0x000c0b0a,
  0x000f0e0d,0x000b0610,0x000c110b,0x00000412,0x00081312,0x000d1514,0x000f1716,0x00180915,0x00060b05,0x000a0b10,
  0x00001906,0x00120708,0x00071509,0x001a1415,0x001d1c1b,0x00050b1e,0x001a0405,0x00071a15,0x0007041a,0x001d1b0c,
  0x000a1d0c,0x00000604,0x00190001,0x00121302,0x001e0b11,0x00110c1b,0x00040712,0x0016180e,0x001a1f14,0x00001202,
  0x000f160e,0x00150d0e,0x00100619,0x0018150e,0x00130302,0x001e1f05,0x001f1a05,0x00020100,0x00050403,0x00050604,
  0x00090807,0x000c0b0a,0x000c050d,0x000c0d0b,0x000a0001,0x00090e08,0x00000a0b,0x00090f0e,0x00080407,0x00050c06,
  0x00040803,0x00020100,0x00050403,0x00080706,0x00040509,0x000c0b0a,0x00060200,0x000f0e0d,0x000c100b,0x00050f0d,
  0x00000111,0x00030a0b,0x000a0304,0x000c1210,0x00110f13,0x000f110e,0x0009050d,0x00060008,0x00010e11,0x00130800,
  0x000d0e09,0x00001113,0x00020100,0x00050403,0x00080706,0x00030905,0x000c0b0a,0x000e000d,0x0010050f,0x00131211,
  0x000f1114,0x000c150b,0x000d060e,0x000f0913,0x000f1410,0x00011411,0x00011100,0x0002000e,0x00040a16,0x000b0316,
  0x00080d12,0x000a0b16,0x00040510,0x00110d00,0x000f1311,0x00060d08,0x00090f05,0x000c1715,0x00030416,0x00120d11,
  0x00020100,0x00050403,0x00080706,0x000a0903,0x000b090a,0x000c0802,0x000e0d04,0x000a030d,0x00060f01,0x00040d03,
  0x0011100e,0x00131207,0x000b1409,0x000f1615,0x00001711,0x00020801,0x00180011,0x00191804,0x00101117,0x001a1017,
  0x000b1b14,0x001c0218,0x00041811,0x00001802,0x001c0c02,0x00110e04,0x00070813,0x00090503,0x001a1516,0x00051904,
  0x00191c18,0x00060108,0x000c1308,0x00010f15,0x0017151a,0x00011517,0x00011700,0x00020100,0x00050403,0x00080706,
  0x000a0900,0x000a000b,0x000e0d0c,0x0004100f,0x00041110,0x00131112,0x00101314,0x00171615,0x00191807,0x0005171a,
  0x00041a11,0x001c1b0b,0x000a0b1b,0x0003040f,0x00140f10,0x00020601,0x001b120a,0x00000902,0x00151608,0x001e1d0c,
  0x00140d0f,0x00051a04,0x00021508,0x00020915,0x00091a15,0x00070819,0x00030f0e,0x000c0d1e,0x0009111a,0x000a1211,
  0x00090a11,0x00151a17,0x00131011,0x00060208,0x00161908,0x00010b00,0x000e0f0d,0x00020100,0x00050403,0x00010206,
  0x00080704,0x000b0a09,0x000e0d0c,0x0003100f,0x00121107,0x00141307,0x00171615,0x000e0c14,0x001a1918,0x00011b00,
  0x001c171b,0x001d161c,0x00171c16,0x0009030f,0x0012171e,0x00001202,0x0013140c,0x000b201f,0x00131207,0x00090503,
  0x00171200,0x00021213,0x00222105,0x00031110,0x001f220a,0x00110304,0x00210804,0x000b1f0a,0x0006020d,0x001e1510,
  0x00121e11,0x00070814,0x0017001b,0x00210405,0x00060d18,0x000d1a18,0x0005090a,0x00111e10,0x000d020c,0x0002130c,
  0x001e1715,0x000e1a0d,0x0022050a,0x00040711,0x00020100,0x00050403,0x00080706,0x000b0a09,0x000e0d0c,0x0011100f,
  0x0005120e,0x00151413,0x00160a0b,0x00191817,0x00110f1a,0x001d1c1b,0x001e0513,0x001f0c0d,0x00000920,0x00182117,
  0x00201721,0x00082122,0x00090001,0x00221807,0x00151a0f,0x001f2423,0x00040e0c,0x0025040c,0x00260806,0x00071415,
  0x00181e14,0x001e2712,0x00070f06,0x00010b09,0x00071814,0x001f230c,0x00281513,0x001e1819,0x0016270a,0x0015281a,
  0x0023250c,0x00292716,0x00290d0e,0x001d1b10,0x0010111d,0x0012270e,0x000f1006,0x0007150f,0x000a1e19,0x00090a19,
  0x00032805,0x00030425,0x00281305,0x00051e12,0x00141e13,0x00050e04,0x00070822,0x00211822,0x001b2610,0x00260610,
  0x00191709,0x00172009,0x001e0a27,0x00290e27,0x00020100,0x00050403,0x00080706,0x000a0902,0x000b0001,0x000b070c,
  0x000b0c0d,0x00020901,0x000f0e04,0x0004050f,0x000b0d00,0x000f100e,0x00110803,0x00080603,0x00000a02,0x00080c07,
  0x00030411,0x00020100,0x00050403,0x00010600,0x00090807,0x000a0304,0x000c060b,0x0009020d,0x000a0f0e,0x00070509,
  0x00100507,0x000a0e03,0x00051004,0x0012110f,0x000c1300,0x0013080d,0x00081007,0x00011406,0x000f0a12,0x00090d08,
  0x00011514,0x0002000d,0x0000130d,0x00140b06,0x00060c00,0x00020100,0x00050403,0x00000706,0x00090608,0x000b030a,
  0x000d070c,0x00040f0e,0x00111009,0x00020006,0x0013120b,0x00140102,0x0004050f,0x00081509,0x0007000c,0x000b0a13,
  0x00160114,0x0003170a,0x00090206,0x00101402,0x0000010c,0x000f1109,0x00041703,0x00110f05,0x000a1713,0x0017040e,
  0x00191812,0x00121319,0x00100209,0x00080607,0x0009150f,0x00150e0f,0x00020100,0x00000403,0x00070605,0x00090807,
  0x000c0b0a,0x000b0c0d,0x00040001,0x00070e09,0x000e070f,0x00050f07,0x00100809,0x00121106,0x000c130d,0x00140f05,
  0x00161514,0x000f1415,0x000a0401,0x0017040b,0x000f180e,0x000d170b,0x001a1913,0x00170304,0x00031000,0x0000091b,
  0x000e1b09,0x0018151c,0x00060712,0x001c021b,0x00040a0b,0x00001b02,0x001c1b18,0x000f1518,0x00090010,0x00130c1a,
  0x000e181b,0x00081207,0x00020100,0x00050403,0x00070601,0x000a0908,0x00090c0b,0x000f0e0d,0x00121110,0x00140313,
  0x000c090a,0x00151303,0x00130f14,0x000e1606,0x00121017,0x001a1918,0x001c1b1a,0x00091d08,0x000b0411,0x00191e17,
  0x00001f02,0x00140f0d,0x001d2120,0x00081d20,0x000b0c04,0x00220c0a,0x00021f14,0x001f0514,0x0006070e,0x0002140d,
  0x0007020d,0x0022230c,0x0019171f,0x00101f17,0x0023040c,0x001e1217,0x00190018,0x00010207,0x00070d0e,0x00150323,
  0x00191a1b,0x00011800,0x00191f00,0x00140503,0x00221523,0x000a0820,0x001e191b,0x00110410,0x00051f10,0x00100405,
  0x00042303,0x00020100,0x00050403,0x00080706,0x000b0a09,0x000e0d0c,0x0011100f,0x00141312,0x00051215,0x00081609,
  0x00181517,0x0019110f,0x001c1b1a,0x000d040c,0x00051412,0x001d1817,0x00100607,0x00070809,0x000b001e,0x00090a07,
  0x0017151f,0x0021200e,0x00220c04,0x000c2221,0x00231914,0x000a1213,0x000a1512,0x001a101c,0x00032305,0x0001241e,
  0x0025241f,0x0003040d,0x000c210e,0x000b250a,0x00251f15,0x000f1419,0x000f1314,0x000b0916,0x00101a06,0x00070f10,
  0x00111c10,0x00140523,0x00051804,0x00041d22,0x00051518,0x000f0713,0x00070a13,0x00011e00,0x000b1600,0x00181d04,
  0x00250b1e,0x0024251e,0x000a2515,0x00020100,0x00050403,0x00080706,0x00030905,0x000c0b0a,0x000f0e0d,0x00121110,
  0x00141113,0x00161415,0x000a0b17,0x00111710,0x001a1918,0x001b1514,0x00061c08,0x001e0d1d,0x0010170b,0x00100512,
  0x001f001b,0x001b0001,0x0007081d,0x00200f0d,0x00232221,0x00252404,0x001e200d,0x001d0813,0x00261f1b,0x00111213,
  0x00180e1a,0x001d121e,0x00112717,0x00091e05,0x00030424,0x00252124,0x00280607,0x00121d13,0x00130826,0x00212523,
  0x000c250b,0x000e1828,0x00070d0e,0x000f1a0e,0x000e2807,0x00261b14,0x00270a17,0x00100b04,0x00201e09,0x001c1f26,
  0x0001151b,0x00132614,0x00141611,0x00162711,0x001c2608,0x000c2325,0x00071d0d,0x00051e12,0x00100405,0x00040b25,
  0x00020100,0x00040302,0x00030102,0x00030501,0x00070604,0x00060304,0x00060803,0x00080503,0x00080905,0x000b0a07,
  0x000a0607,0x000a0c06,0x000c0806,0x000c0d08,0x000d0908,0x000d0e09,0x00100f0b,0x000f0a0b,0x000f110a,0x00110c0a,
  0x0011120c,0x00120d0c,0x0012130d,0x00130e0d,0x0013140e,0x00161510,0x00150f10,0x0015170f,0x0017110f,0x00171811,
  0x00181211,0x00181912,0x00191312,0x00191a13,0x001a1413,0x001a1b14,0x001d1c16,0x001c1516,0x001c1e15,0x001e1715,
  0x001e1f17,0x001f1817,0x001f2018,0x00201918,0x00202119,0x00211a19,0x0021221a,0x00221b1a,0x0022231b,0x0025241d,
  0x00241c1d,0x0024261c,0x00261e1c,0x0026271e,0x00271f1e,0x0027281f,0x0028201f,0x00282920,0x00292120,0x00292a21,
  0x002a2221,0x002a2b22,0x002b2322,0x002b2c23,0x00020100,0x00020403,0x00020605,0x00020807,0x00020701,0x00020308,
  0x00020906,0x00020a04,0x0002050a,0x00020100,0x00050403,0x00040603,0x00080207,0x00020809,0x0002090a,0x00020a01,
  0x00020306,0x00020b07,0x0002060b,0x00020100,0x00040003,0x00070605,0x00090803,0x00010700,0x000b000a,0x00000c0a,
  0x00090300,0x00050007,0x00000b02,0x0000040c,0x00020100,0x00050403,0x00070206,0x00080207,0x00020406,0x00020a09,
  0x0002080a,0x000b0304,0x000b0c03,0x00020901,0x00050604,0x00020100,0x00040003,0x00070605,0x000a0908,0x00010700,
  0x000b0809,0x00090a00,0x00000c03,0x00000402,0x000b0d08,0x00050007,0x000c000a,0x00020100,0x00040103,0x00070605,
  0x000a0908,0x000b0001,0x000c0809,0x00090a01,0x00000702,0x00010d03,0x0001040b,0x00050207,0x000c0e08,0x000d010a,
  0x00020100,0x00040203,0x00060502,0x00090807,0x0005060a,0x00030205,0x00020c0b,0x0002040c,0x000a0708,0x00020b01,
  0x00090d08,0x00070a06,0x00020100,0x00040003,0x00070605,0x000a0908,0x000c0b09,0x00010700,0x0008030a,0x000c0d0b,
  0x00000a03,0x000e090b,0x00050007,0x00000402,0x000e0809,0x00020100,0x00040103,0x00070605,0x000a0908,0x000d0c0b,
  0x000e0001,0x000f0b0c,0x0003010f,0x00050207,0x000a080c,0x00000702,0x0001040e,0x000b0f01,0x000a0c0d,0x00020100,
  0x00050403,0x00080706,0x00070809,0x000b000a,0x000d0c06,0x000a0001,0x00040103,0x000d040c,0x000b0f0e,0x0008060c,
  0x00091007,0x000b0e00,0x00050c04,0x00020301,0x00020100,0x00040203,0x00030605,0x00090807,0x00050a08,0x00060302,
  0x00020c0b,0x0002040c,0x00090d08,0x00020b01,0x00090e0d,0x000a0506,0x0007080a,0x00020100,0x00050403,0x00080706,
  0x000b0a09,0x000d0c0a,0x00010800,0x000d0f0e,0x00030b05,0x00000304,0x000d0e0c,0x0009050b,0x00060008,0x00000402,
  0x000c090a,0x00020100,0x00040103,0x00070605,0x000a0908,0x000b090a,0x000c0001,0x000e0d03,0x000e0301,0x00050007,
  0x000b0f09,0x00000502,0x0001040c,0x000b100f,0x0008030d,0x000a080d,0x00020100,0x00050403,0x00080706,0x000a0509,
  0x000b0102,0x00060a08,0x00040b03,0x000c0001,0x0002030b,0x000d050a,0x0009080a,0x000f0e07,0x000c1000,0x000c1110,
  0x000d0405,0x0007080f,0x00020100,0x00050403,0x00080706,0x000b0a09,0x000e0d0c,0x00060908,0x00100c0f,0x00051101,
  0x00040212,0x0001110b,0x000a0809,0x00141307,0x000b0001,0x00040501,0x000e150d,0x00000b16,0x00020401,0x00061609,
  0x00001702,0x00171202,0x000e1815,0x000b0916,0x000b110a,0x00070814,0x000f0410,0x00041210,0x000c0d0f,0x0003040f,
  0x00030f0d,0x00020100,0x00050403,0x00080706,0x000b0a09,0x00060304,0x000c0205,0x00020c0d,0x000a0809,0x000b0e0a,
  0x00020d01,0x000b0f0e,0x00040502,0x00030607,0x00080a07,0x00020100,0x00050403,0x00080706,0x000b0a09,0x000e0d0c,
  0x00010800,0x000e100f,0x00090304,0x00050204,0x000e0f0d,0x000d0b0c,0x0003090a,0x00060008,0x00000402,0x000b0d0a,
  0x00020100,0x00050403,0x00080706,0x000b0a09,0x000a0b0c,0x000d0001,0x000e090a,0x00000f05,0x000f0405,0x000e1009,
  0x0001060d,0x00000502,0x000c0304,0x00030c0b,0x00060108,0x000e1110,0x00020100,0x00050403,0x00080706,0x00000a09,
  0x000d0c0b,0x00060908,0x000e0304,0x00030205,0x000f0203,0x00110010,0x000a0809,0x00131207,0x00140200,0x00140502,
  0x000d150c,0x00061009,0x00140011,0x000e0f03,0x0000010a,0x00100009,0x000e0b0c,0x000d1615,0x000e040b,0x0001020f,
  0x00070813,0x00020100,0x00050403,0x00080706,0x000b0a09,0x000e0d0c,0x0006070f,0x000b0910,0x00110402,0x00100212,
  0x00011300,0x000a0c0d,0x00161514,0x000e170d,0x00130118,0x00001202,0x00131900,0x00030411,0x00071801,0x001a0f07,
  0x000e1b17,0x000d1c0a,0x001d0104,0x00090a1c,0x00011d07,0x001a071d,0x00161406,0x001c1109,0x000c0a0b,0x00100902,
  0x00010204,0x0004051d,0x00051a1d,0x00120019,0x001c0311,0x00070818,0x00060f16,0x00020911,0x00080614,0x00020100,
  0x00050403,0x00080706,0x000b0a09,0x000c0a0b,0x000e0d07,0x000f090a,0x00110010,0x00120a0c,0x00141310,0x000e0715,
  0x00181716,0x000b0919,0x00111013,0x001a1507,0x001d1c1b,0x001e030c,0x001e0b1f,0x001a0714,0x001d201c,0x000b191b,
  0x00141004,0x00191d1b,0x001f1b1c,0x000b1b1f,0x00120001,0x0005151a,0x000e180d,0x00110200,0x00041a14,0x000c0412,
  0x000b1e0c,0x0004051a,0x00121000,0x0016060d,0x0012010f,0x00140813,0x0003040c,0x0006070d,0x00160d18,0x00101204,
  0x000a120f,0x00081407,0x00020100,0x00050403,0x00080706,0x00090607,0x00030a08,0x000d0c0b,0x00040a03,0x00090f0e,
  0x00020d10,0x00050b0c,0x00090e06,0x0007080a,0x000c0405,0x00021001,0x000b100d,0x00020100,0x00050403,0x00080706,
  0x00050904,0x000c0b0a,0x00060102,0x00040b03,0x00060208,0x000f0e0d,0x00010e00,0x000f000e,0x000c100b,0x000c1110,
  0x000b040a,0x00050d09,0x000f0d05,0x00020100,0x00040003,0x00070605,0x00030908,0x000c0b0a,0x000f0e0d,0x00030109,
  0x00041000,0x00090b08,0x000f110e,0x00110210,0x000c120b,0x0010130e,0x00131407,0x00070513,0x00050d13,0x00130d0e,
  0x0011100e,0x00100200,0x000b090a,0x000c1512,0x00041610,0x00141310,0x00010300,0x00161410,0x00020100,0x00050403,
  0x00080706,0x000b0a09,0x000e0d0c,0x00020b01,0x0010050f,0x000d110c,0x000f0212,0x00020f0b,0x00090a03,0x00141307,
  0x00161511,0x00000106,0x00001702,0x00171202,0x0005030a,0x00180405,0x00080601,0x001b1a19,0x00161c15,0x000f1210,
  0x000c1d04,0x0003041d,0x00190b1b,0x000b091b,0x00070814,0x00101805,0x00080119,0x00111d0c,0x001a0819,0x000e0c04,
  0x000b0f0a,0x0016110d,0x000e0418,0x000b1901,0x001a1408,0x000f050a,0x00020100,0x00050403,0x00080706,0x00030a09,
  0x00090a0b,0x000d080c,0x000a030e,0x000f0a0e,0x00111002,0x00111210,0x00120e04,0x00141307,0x00171615,0x000d0c18,
  0x00001911,0x00191a11,0x0017151b,0x00100c02,0x000c0601,0x00001102,0x0001020c,0x000f1c0a,0x00171d16,0x001b0b1c,
  0x001e1004,0x000a1c0b,0x00101e0c,0x000c1e18,0x00070814,0x00121f0f,0x00111a1f,0x0003040e,0x00101204,0x0004051e,
  0x0005181e,0x0015090b,0x000e120f,0x000b1b15,0x00060c08,0x000d1408,0x00002019,0x00201a19,0x0012111f,0x00020100,
  0x00050403,0x00080706,0x000b0a09,0x000d090c,0x000f060e,0x00121110,0x00140413,0x000f0806,0x00020015,0x000f0e16,
  0x00081707,0x00150018,0x000c0a19,0x00121b1a,0x001e1d1c,0x001a011f,0x001e1c18,0x001c1518,0x00200f16,0x000b210a,
  0x00222016,0x000d2423,0x001a1800,0x00140304,0x00011a00,0x001e1b22,0x001b1322,0x000c090a,0x00191011,0x00251d0e,
  0x00121f11,0x00031421,0x000b0923,0x001a1f12,0x00101312,0x00220520,0x001b181a,0x001e2216,0x000d2309,0x00250607,
  0x00250e06,0x00140a21,0x0010190a,0x00141310,0x001e0e1d,0x0014100a,0x00052204,0x00221304,0x001b1e18,0x00131b12,
  0x000e1e16,0x00020100,0x00050403,0x00080706,0x000b0a09,0x000e0d0c,0x0011100f,0x00120f07,0x00151413,0x00170916,
  0x000f1918,0x00110f18,0x001c1b1a,0x00121e1d,0x000b000a,0x00000b1f,0x00081207,0x00201f1e,0x00211d1e,0x000a0001,
  0x00042114,0x00190405,0x000e220d,0x00252423,0x00150304,0x00031524,0x00172613,0x00091713,0x000e0c27,0x00041921,
  0x0001160a,0x001d2119,0x00262313,0x0016090a,0x001e1f0b,0x00091421,0x00181905,0x00151323,0x00211e0b,0x00250c0d,
  0x001c1a10,0x0010111c,0x0009210b,0x000f1007,0x0012190f,0x0023270c,0x0025230c,0x00091314,0x0019121d,0x00082012,
  0x00201e12,0x001a0610,0x00060710,0x00262723,0x00150414,0x00152324,0x00020100,0x00050403,0x00050604,0x00090807,
  0x000c0b0a,0x000c050d,0x000c0d0b,0x000a0001,0x000f0e08,0x0008090f,0x00000a0b,0x000f100e,0x00081107,0x00050c06,
  0x00041103,0x00040711,0x00020100,0x00050403,0x00070603,0x000a0908,0x000b0809,0x000a0200,0x000c0306,0x000d0c06,
  0x000d060e,0x0011100f,0x00071206,0x00130a00,0x000b0f08,0x0005030c,0x00000113,0x00020d0e,0x000f0b11,0x00111410,
  0x00150405,0x00041603,0x0012010e,0x0001020e,0x00031607,0x00120e06,0x00090a13,0x00020100,0x00050403,0x00070604,
  0x00050704,0x00090806,0x000b000a,0x00010c05,0x000e0d00,0x000b0f00,0x00091110,0x0013120a,0x0001140e,0x0001020c,
  0x0002000f,0x00030408,0x00151213,0x00160a12,0x00170f0b,0x000d130a,0x00060804,0x0007050c,0x00091008,0x00010e00,
  0x000d0a00,0x00160b0a,0x00191811,0x00110919,0x00031405,0x00140105,0x0016170b,0x00020100,0x00050403,0x00080706,
  0x000b0a09,0x000d0c00,0x000e0200,0x000c040f,0x00121110,0x00040513,0x00110410,0x00161514,0x00181707,0x00021901,
  0x001a1408,0x001c1b09,0x00141013,0x001a0b09,0x00110f04,0x00091b1a,0x00141508,0x001e1d19,0x00040c03,0x00051613,
  0x00030c0d,0x001a1b14,0x001b1014,0x00070818,0x001c090a,0x0012101b,0x00100413,0x00141316,0x0019021e,0x000e0c0f,
  0x001a060b,0x00061a08,0x00151808,0x001b1c12,0x000e000c,0x0000010d,0x00020100,0x00050403,0x00080706,0x000b0a09,
  0x000e0d0c,0x000f080b,0x000d0410,0x000d1011,0x00141312,0x00131410,0x00150f0b,0x00171607,0x001a1918,0x00111014,
  0x001d1c1b,0x001e1d1b,0x001e1b00,0x00021f01,0x001f0601,0x001d121c,0x001b0200,0x00041310,0x00212019,0x000d0304,
  0x00050904,0x000d2203,0x001f0a0b,0x000a1309,0x00070817,0x00020a1f,0x00131c12,0x00051509,0x001c130a,0x00040913,
  0x000b0915,0x00191a21,0x001a180e,0x000c1a0e,0x00081f0b,0x00061f08,0x000f1708,0x000a021c,0x00021b1c,0x00110c0d,
  0x0018220e,0x000d0e22,0x00020100,0x00050403,0x00080706,0x000a0901,0x000d0c0b,0x00100f0e,0x000c1211,0x00151413,
  0x00171609,0x000d180c,0x00100e19,0x001c1b1a,0x00190e13,0x00121d11,0x001e0a02,0x00120c1f,0x00160109,0x00152000,
  0x00200821,0x0001020a,0x00242322,0x00251f0c,0x00141d04,0x0007260e,0x00072026,0x00110b0c,0x001a0f1c,0x0026130e,
  0x000f070e,0x001d2711,0x0003121f,0x00222518,0x00210200,0x00161415,0x00130519,0x00221824,0x00011600,0x00271d17,
  0x00161500,0x000f1a06,0x00152620,0x00101c0f,0x00250c18,0x000d2418,0x000b1127,0x0006070f,0x00070820,0x00202100,
  0x00051304,0x00261513,0x00120304,0x0012041d,0x001d1416,0x00171d16,0x00131404,0x00020100,0x00050403,0x00030406,
  0x00090807,0x000c0b0a,0x00050d04,0x00100f0e,0x00131211,0x00050f0d,0x00151412,0x0010160d,0x00191817,0x00170604,
  0x000e1b1a,0x0000111c,0x000a1d0c,0x00131512,0x00051415,0x001e1101,0x00201f0c,0x0016040d,0x00232221,0x00250a24,
  0x001b091a,0x00260306,0x0005270f,0x0008091b,0x00151328,0x00090c1f,0x00152827,0x001b2808,0x00091f1a,0x001d2120,
  0x00262914,0x002b2a13,0x00261403,0x00211d23,0x000b2d2c,0x000f100d,0x00050314,0x00191704,0x00041619,0x000f1b0e,
  0x000f271b,0x002c240b,0x00051527,0x00200c1d,0x0025231d,0x000c070b,0x002e2c2d,0x002a2d07,0x002a0708,0x00291214,
  0x000c0907,0x00132a28,0x00281b27,0x00282a08,0x00251d0a,0x001e2b11,0x0013112b,0x0011121c,0x00011100,0x002e2d2b,
  0x001e2e2b,0x000b072d,0x002a2b2d,0x00291c12,0x000b240a,0x00020100,0x00050403,0x00080706,0x000a0809,0x000d0c0b,
  0x00100f0e,0x00120411,0x00131104,0x00161514,0x0018170b,0x00070e0f,0x001a1019,0x00070a05,0x000f1b06,0x001c1315,
  0x00101b0f,0x001e1d09,0x001f1910,0x00140001,0x0007080a,0x001d0a09,0x000d200c,0x00232221,0x00122524,0x00260424,
  0x00272624,0x00122404,0x00100e1f,0x00260304,0x001d1415,0x00281516,0x00212225,0x00210b23,0x002a1829,0x00181229,
  0x001d1e14,0x001c1113,0x00192b1a,0x002d032c,0x000c230b,0x002a292e,0x00281c15,0x00251821,0x00051304,0x0006070f,
  0x0000141e,0x000a1d13,0x001d1513,0x00291211,0x001b101a,0x000a1305,0x00222725,0x000e0503,0x00011614,0x00170d0b,
  0x001c2911,0x000e0705,0x000e032d,0x00262c03,0x002a1718,0x000b2118,0x001f0e2d,0x00121825,0x002c2627,0x00272425,
  0x001c282e,0x00291c2e,0x00020100,0x00050403,0x00050604,0x00090807,0x000a0001,0x000c060b,0x000a0b0d,0x00020e01,
  0x00100f08,0x00080910,0x000a0d00,0x0010110f,0x00081207,0x00050b06,0x00041203,0x00040712,0x000b0a0c,0x00001302,
  0x00130e02,0x00020100,0x00050403,0x00080706,0x00090200,0x000a0503,0x000c060b,0x000f0e0d,0x00011000,0x00110010,
  0x00131205,0x00151409,0x00081607,0x0014150d,0x00090017,0x00171509,0x00091402,0x00050a13,0x00131812,0x000e140d,
  0x00100607,0x0006100b,0x00001117,0x000b1001,0x00030e0f,0x000c0806,0x000e0304,0x00111007,0x00150f0d,0x00020100,
  0x00050403,0x00080706,0x000b0a09,0x000d0c07,0x00100f0e,0x00121104,0x00130001,0x000a0b12,0x000d140c,0x000e0f13,
  0x000a1215,0x000e1316,0x000f0913,0x00030617,0x001a1918,0x00190e16,0x000a1502,0x001b1801,0x00071706,0x00080411,
  0x0011120b,0x000a0200,0x00130116,0x00151b02,0x00040806,0x00001309,0x001d1c14,0x00140d1d,0x00181901,0x00160119,
  0x00090a00,0x00060304,0x00051512,0x00070c17,0x00040512,0x001b0102,0x00020100,0x00050403,0x00020601,0x00040807,
  0x000a0900,0x000d0c0b,0x000f090e,0x000a1110,0x0013120e,0x00051213,0x0014020f,0x00141506,0x000b160d,0x00170a00,
  0x001a1918,0x000a1719,0x001c081b,0x0019110a,0x00090f00,0x0008041b,0x001e1d16,0x0007201f,0x00051304,0x0009130e,
  0x000f0e21,0x00091b13,0x001f0407,0x00200b0c,0x001c1b10,0x00181917,0x000a1009,0x00131b04,0x00210e12,0x00160b1e,
  0x0002000f,0x00111c10,0x000c1f20,0x000d220c,0x00000117,0x00221f0c,0x0009101b,0x0022031f,0x000f2114,0x0003041f,
  0x00060214,0x00181701,0x00020100,0x00050403,0x00020601,0x00090807,0x000c0b0a,0x000f0e0d,0x00121110,0x00151413,
  0x00121314,0x00071614,0x00180f17,0x000e1906,0x000c1b1a,0x001d091c,0x001e081d,0x00091d08,0x00121416,0x0014151f,
  0x00001502,0x00170f0d,0x0021201b,0x00230322,0x00052404,0x00220a0b,0x00021517,0x000a2225,0x00060d0e,0x001f0907,
  0x00100413,0x00121611,0x0007141f,0x00171513,0x00240518,0x001b0c21,0x00251011,0x0000091f,0x0009001c,0x00241713,
  0x000b1a23,0x00102522,0x00131210,0x0006020d,0x0002170d,0x00220b23,0x00041022,0x000c1a0b,0x00011c00,0x001f1500,
  0x00181724,0x00130424,0x00220304,0x00020100,0x00050403,0x00080706,0x000b0a09,0x000e0d0c,0x0011100f,0x000b120a,
  0x00011413,0x00150806,0x00171602,0x00001702,0x001a1918,0x001b1402,0x001c0815,0x001e1d1c,0x00040d1f,0x000d040a,
  0x000d0e1f,0x00222120,0x00240e23,0x00272625,0x00041f03,0x00070820,0x00201307,0x00242327,0x00131407,0x0018161a,
  0x00281f0e,0x00050104,0x00081d22,0x00031f28,0x001b0714,0x00272524,0x000a0429,0x00081c1d,0x002a2425,0x00040129,
  0x00210b09,0x000f1006,0x00161811,0x00110f16,0x00171a16,0x001b160f,0x000c230e,0x00120d0a,0x000c0d12,0x00210920,
  0x00150610,0x00050001,0x00021401,0x002a280e,0x0013090a,0x0002161b,0x000f071b,0x00082220,0x002a0e24,0x00132009,
  0x00130a29,0x00290113,0x000f0607,0x00020100,0x00050403,0x00080706,0x000b0a09,0x000c0a0b,0x00070e0d,0x0011100f,
  0x00141312,0x00150d0e,0x00181716,0x0019150e,0x001c1b1a,0x00190e05,0x000e071d,0x00201f1e,0x0007201d,0x0020171f,
  0x00070820,0x00232221,0x00252423,0x0026090a,0x00292827,0x002b2a04,0x002a0304,0x000e1305,0x0018002c,0x00140513,
  0x001a0d1c,0x00231f22,0x00212523,0x0024122d,0x002a2b2e,0x0030272f,0x0001212c,0x001f232d,0x00050319,0x00273029,
  0x00262b09,0x001e131d,0x00262f2e,0x000d1a06,0x0006070d,0x00151c0d,0x000e1d13,0x001f2d1e,0x000f1009,0x000c300a,
  0x0021222c,0x00302f26,0x000b0910,0x00182c17,0x000c2930,0x0009140f,0x0012240f,0x000f1412,0x0004142b,0x00081620,
  0x00251124,0x00132d12,0x00172c22,0x00051404,0x0014092b,0x001d201e,0x0000012c,0x00262e2b,0x001f1722,0x00110f24,
  0x00131e2d,0x00260a30,0x00201617,0x002d2324,0x00020100,0x00050403,0x00070406,0x00090805,0x000c0b0a,0x000f0e0d,
  0x00121110,0x00151413,0x00161210,0x00181417,0x001b1a19,0x0008091c,0x001f1e1d,0x00040506,0x00222120,0x000b1123,
  0x00241817,0x00222507,0x00260001,0x00040725,0x001a0919,0x00292827,0x002a0c0a,0x002c2b2a,0x002e1b2d,0x001b192d,
  0x0005032f,0x00301c09,0x00242026,0x00182431,0x00322d2f,0x00332f03,0x000f270e,0x00241720,0x00171415,0x0030341c,
  0x000a1f2a,0x00270f29,0x000c350b,0x00012426,0x00051909,0x00351011,0x00060508,0x001a3009,0x00331314,0x0033350c,
  0x00002621,0x00202126,0x00110b35,0x001e1f0b,0x00013124,0x00152017,0x002f3332,0x001d290f,0x002a1f0d,0x0032330c,
  0x000c2a32,0x00362a2b,0x00231e0b,0x002b2e36,0x00351410,0x00151325,0x00130425,0x000f0d1f,0x000a0b1f,0x00183116,
  0x000f1f1d,0x00122311,0x002e2d36,0x002c2a0d,0x00330313,0x00030413,0x00052f19,0x002f2d19,0x00181014,0x00353314,
  0x00181610,0x002c0d0e,0x002d3236,0x002a3632,0x00252215,0x00222015,0x00020100,0x00040302,0x00030102,0x00030501,
  0x00070604,0x00060304,0x00060803,0x00080503,0x00080905,0x000b0a07,0x000a0607,0x000a0c06,0x000c0806,0x000c0d08,
  0x000d0908,0x000d0e09,0x00100f0b,0x000f0a0b,0x000f110a,0x00110c0a,0x0011120c,0x00120d0c,0x0012130d,0x00130e0d,
  0x0013140e,0x00161510,0x00150f10,0x0015170f,0x0017110f,0x00171811,0x00181211,0x00181912,0x00191312,0x00191a13,
  0x001a1413,0x001a1b14,0x001d1c16,0x001c1516,0x001c1e15,0x001e1715,0x001e1f17,0x001f1817,0x001f2018,0x00201918,
  0x00202119,0x00211a19,0x0021221a,0x00221b1a,0x0022231b,0x0025241d,0x00241c1d,0x0024261c,0x00261e1c,0x0026271e,
  0x00271f1e,0x0027281f,0x0028201f,0x00282920,0x00292120,0x00292a21,0x002a2221,0x002a2b22,0x002b2322,0x002b2c23,
  0x002e2d25,0x002d2425,0x002d2f24,0x002f2624,0x002f3026,0x00302726,0x00303127,0x00312827,0x00313228,0x00322928,
  0x00323329,0x00332a29,0x0033342a,0x00342b2a,0x0034352b,0x00352c2b,0x0035362c,0x00020100,0x00020403,0x00020605,
  0x00020807,0x00020701,0x00020309,0x00020a06,0x00020b04,0x0002050b,0x00020908,0x00020100,0x00040203,0x00060502,
  0x00020807,0x00090205,0x00020701,0x00060a05,0x0002040b,0x0003020c,0x00020b08,0x0002090c,0x00020100,0x00040003,
  0x00070605,0x00000908,0x00010700,0x000a0809,0x0000040b,0x0003000c,0x00090d0a,0x00050007,0x0000080c,0x00000b02,
  0x00020100,0x00050403,0x00070206,0x00080207,0x00020406,0x00020a09,0x0002080b,0x000c0304,0x000c0d03,0x00020901,
  0x00050604,0x00020b0a,0x00020100,0x00050403,0x00080706,0x00090304,0x00080601,0x00000b0a,0x000b000c,0x000c000d,
  0x00040e09,0x00000106,0x0000050d,0x00030d05,0x00000a02,0x00020100,0x00050403,0x00080706,0x00040903,0x000b000a,
  0x000d0c0a,0x000a0c0b,0x000a0e0d,0x000f090a,0x00020801,0x000f0309,0x00060108,0x000e0a09,0x000a0001,0x00020100,
  0x00040203,0x00070605,0x00090807,0x00020b0a,0x00020503,0x00060708,0x000c0305,0x0002040d,0x00090e08,0x00020a01,
  0x00020d0b,0x000c0506,0x00020100,0x00040003,0x00070605,0x000a0908,0x000c0b09,0x00070501,0x00000a03,0x000d090b,
  0x0008030a,0x000c0e0b,0x0000040f,0x00000105,0x00000f02,0x000d0809,0x00020100,0x00050403,0x00080706,0x000b0a09,
  0x000d0c09,0x00040001,0x000f0e0d,0x0003040f,0x00060108,0x000b090c,0x00020801,0x00040510,0x000e0f04,0x000c0d0e,
  0x00041000,0x00020100,0x00050403,0x00020601,0x00090807,0x000b0a07,0x000c0004,0x00040803,0x000b0708,0x000d0400,
  0x00060f0e,0x0010070a,0x000d0001,0x0004050c,0x000e0106,0x00090308,0x000a1110,0x00020100,0x00040203,0x00060503,
  0x00090807,0x0005070a,0x00060302,0x00020c0b,0x0002040d,0x00090e08,0x00020b01,0x00090f0e,0x000a0305,0x00020d0c,
  0x00080a07,0x00020100,0x00050403,0x00080706,0x000b0a09,0x000d0c0a,0x00010800,0x000d0f0e,0x00030b05,0x00000304,
  0x000d0e0c,0x0009050b,0x00060008,0x00000410,0x000c090a,0x00001002,0x00020100,0x00050403,0x00080706,0x000b0a09,
  0x000c0a0b,0x00040001,0x000d0903,0x000d0304,0x00060108,0x000c0e0a,0x00020801,0x0004050f,0x000c100e,0x00110309,
  0x0011090a,0x00040f00,0x00020100,0x00050403,0x00020601,0x00000807,0x000b0a09,0x00040708,0x000d0c0a,0x000e0304,
  0x000d030c,0x00100f06,0x000b110a,0x00080001,0x00090a0c,0x000b1211,0x00040507,0x000e0c03,0x00060210,0x00020100,
  0x00010203,0x00060504,0x00080007,0x000b0a09,0x00040806,0x000d0c03,0x000e090a,0x000c090e,0x0008070f,0x000f0608,
  0x00111005,0x000b120a,0x000b1312,0x00020d03,0x00030c0e,0x00050611,0x00010700,0x00020100,0x00050403,0x00030605,
  0x00090807,0x00020b0a,0x00040d0c,0x00090e08,0x000f0506,0x000c0304,0x00070806,0x00020c0d,0x0009100e,0x00020a01,
  0x000f0608,0x00020d0b,0x00020100,0x00050403,0x00080706,0x000a0903,0x000d0c0b,0x00080601,0x00050e04,0x000d0f0c,
  0x00100309,0x00090b10,0x000d110f,0x0000040e,0x00000106,0x000a0304,0x00000e02,0x000c100b,0x00020100,0x00050403,
  0x00080706,0x00000902,0x000c0b0a,0x000d0001,0x000f0e0b,0x00060108,0x00100903,0x000f110e,0x0001060d,0x00000309,
  0x00100304,0x000c0a05,0x000f1211,0x000a0b0e,0x0004050a,0x00020100,0x00050403,0x00020706,0x00010800,0x000b0a09,
  0x000c0801,0x000d0304,0x000c0e05,0x0004050e,0x00100f07,0x000b110a,0x00020601,0x000c0508,0x000d0a12,0x00070210,
  0x000d1203,0x000b1311,0x000a0d09,0x00020100,0x00020003,0x00060504,0x00070300,0x000a0908,0x00040b06,0x000d080c,
  0x000d0e03,0x000e0d0c,0x0000010f,0x00121110,0x00141305,0x0011060b,0x00150700,0x000a1609,0x0002030e,0x0004170b,
  0x0015000f,0x0019180f,0x00110b10,0x000f1815,0x00090e0c,0x00120f01,0x000f1210,0x0008090c,0x000a1a16,0x00191017,
  0x00070d03,0x00050614,0x0017100b,0x0010190f,0x00020100,0x00050403,0x00080706,0x00080907,0x000c0b0a,0x000d0607,
  0x00040f0e,0x00110e10,0x000f0212,0x000f130e,0x000d0714,0x00171615,0x000c180b,0x0011030e,0x00001902,0x00191202,
  0x001a1409,0x001b0001,0x0009081b,0x00070914,0x000b1110,0x000c1c18,0x000e1d10,0x000b100a,0x00040e03,0x00150d17,
  0x000f1213,0x00020f1e,0x000f041e,0x00091e1a,0x0004051e,0x00051a1e,0x001d0e13,0x001b0109,0x001d0a10,0x000d1506,
  0x00021e01,0x001e0901,0x00020100,0x00050403,0x00080706,0x000b0a09,0x00030c05,0x0004080d,0x0002070e,0x00060d08,
  0x000b0f0a,0x00020e01,0x000b100f,0x000a0c09,0x000d0304,0x0011050c,0x00020607,0x000c0a11,0x00020100,0x00050403,
  0x00080706,0x000a0309,0x000d0c0b,0x000e0800,0x000d100f,0x00090304,0x00050104,0x000d0f0c,0x000e0011,0x000c0a0b,
  0x000a1203,0x00060008,0x00020401,0x000a0c12,0x00110001,0x00020100,0x00050403,0x00080706,0x00090304,0x000c0b0a,
  0x000d0102,0x00090b0e,0x00060208,0x0005100f,0x00011011,0x00011100,0x000c120b,0x0002060d,0x000b090a,0x000c1312,
  0x00050f04,0x00051110,0x00090e03,0x00020100,0x00050403,0x00080706,0x000a0902,0x000d0c0b,0x000e090a,0x00030f05,
  0x00111004,0x00131012,0x00151407,0x00000a02,0x00021601,0x000d170c,0x000a180e,0x00091602,0x00190818,0x00060e18,
  0x00120116,0x000d1a17,0x00041003,0x00080618,0x00050b0c,0x00070815,0x00130310,0x00180a19,0x000a0019,0x00110110,
  0x000b050f,0x0003130f,0x00110001,0x00011210,0x00020100,0x00050403,0x00080706,0x00050904,0x000c0b0a,0x00080e0d,
  0x0011100f,0x00131209,0x00021514,0x00020912,0x000d0e16,0x00181707,0x000c190b,0x00051309,0x00001a02,0x001a1502,
  0x00091404,0x001b0001,0x000e061b,0x00021201,0x0001120e,0x000e1216,0x000c1c19,0x000e1b01,0x00110f04,0x001d0414,
  0x00131612,0x001f1e0f,0x00070818,0x000f101f,0x00021409,0x00100a1f,0x000a0b1f,0x00060e08,0x0003040f,0x001e1f0b,
  0x001e030f,0x0011041d,0x001d1415,0x000d1808,0x00020100,0x00050403,0x00020706,0x000a0908,0x00040c0b,0x000f0e0d,
  0x00111001,0x00141312,0x00160615,0x00020611,0x00180d17,0x001b1a19,0x00111c10,0x001d0110,0x000d101e,0x00170d1e,
  0x0013201f,0x001d0001,0x000b0304,0x00150607,0x001d1021,0x00132212,0x00122314,0x000b0a1f,0x001c1104,0x00110c04,
  0x001c1e10,0x00021101,0x000d180f,0x00161509,0x00030b20,0x00160a0b,0x000c160b,0x001f200b,0x00081f0a,0x0004051c,
  0x0005241c,0x00221f08,0x0016090a,0x0022131f,0x000e0f19,0x00190f1b,0x00181b0f,0x000e210d,0x0021100d,0x0011060c,
  0x0006160c,0x001c241e,0x00171e24,0x00002502,0x00250702,0x00020100,0x00050403,0x00080706,0x00090607,0x00020a01,
  0x000c080b,0x000f0e0d,0x00110410,0x00141312,0x00171615,0x0018080c,0x001a1909,0x001c111b,0x00110304,0x001f1e1d,
  0x00081807,0x0020150d,0x00160f0d,0x001c1b0a,0x00220821,0x000c0b23,0x00002402,0x0025011b,0x00272604,0x00281f21,
  0x000d0e20,0x00160d15,0x002a291b,0x00292a14,0x0003111c,0x00282108,0x001f1d21,0x000a1b01,0x00131715,0x00132a10,
  0x00270523,0x00040527,0x00261d17,0x0013142a,0x0008220b,0x00261004,0x001a0907,0x0007181a,0x00251b29,0x00112a1b,
  0x00062808,0x0022270b,0x00211d22,0x00262722,0x000f161e,0x0016171d,0x00261710,0x00171310,0x0027230b,0x00250001,
  0x00131512,0x00201215,0x001d1e16,0x0026221d,0x0011102a,0x00020100,0x00050403,0x00050604,0x00090807,0x000c0b0a,
  0x000d0a0b,0x000a0e0c,0x00010c0e,0x00100f08,0x00080910,0x0000010e,0x0010110f,0x00070812,0x000d0b05,0x00120307,
  0x0006050b,0x00040703,0x00020100,0x00050403,0x00080706,0x00050904,0x000c0b0a,0x00060200,0x000d0001,0x000c0e0b,
  0x00030a0f,0x000a0304,0x0011100e,0x0001120d,0x00051213,0x00011312,0x00060008,0x000e0c11,0x00051309,0x000a0b0f,
  0x00020100,0x00050403,0x00080706,0x00030905,0x000c0b0a,0x000f0e0d,0x00090105,0x00091001,0x000e0011,0x000e1200,
  0x00120200,0x0014130b,0x00150903,0x000b0c14,0x00171608,0x00080617,0x00060d17,0x00170d0e,0x00040a18,0x00160e11,
  0x000b180a,0x00141913,0x00101100,0x00000110,0x0016170e,0x000e0f12,0x00041503,0x00020501,0x00041815,0x00020100,
  0x00050403,0x00080706,0x000a0009,0x000d0c0b,0x000f090e,0x00111004,0x000f1211,0x000e0901,0x00151413,0x00151608,
  0x000e1712,0x000b180d,0x00141713,0x00190607,0x001a0619,0x000f0a09,0x00161513,0x001c1b18,0x00041d03,0x00050f04,
  0x0004101d,0x00070816,0x000e1317,0x000e0116,0x001d1e0c,0x001d101e,0x00130e16,0x0011040f,0x00190702,0x000c1e0b,
  0x00180b1c,0x000c031d,0x000f0e12,0x000a0f05,0x00000109,0x00160107,0x00010207,0x00020100,0x00050403,0x00080706,
  0x00050904,0x000c0b0a,0x000e080d,0x0003040f,0x00091110,0x00111312,0x00091004,0x000f0410,0x00151407,0x000c1716,
  0x00101918,0x00130001,0x00011a13,0x000c160b,0x001b0200,0x001c061b,0x00131a12,0x001b001c,0x000d1e1d,0x00201f17,
  0x001c1e0d,0x00180f10,0x000f2103,0x000e0d1d,0x0023221e,0x00070815,0x00111219,0x00210f0b,0x00251d24,0x00220925,
  0x00170c20,0x001d1e24,0x001e2224,0x00101119,0x00052509,0x000f0a0b,0x00061c08,0x000e1508,0x00222524,0x00221109,
  0x00132223,0x00001323,0x00180a0f,0x00210b16,0x00022601,0x00261a01,0x00231e00,0x001e1c00,0x00131122,0x00081c0d,
  0x00020100,0x00050403,0x00080706,0x00070a09,0x000d0c0b,0x00100f0e,0x00131211,0x00161514,0x00191817,0x00181b1a,
  0x00141311,0x001e1d1c,0x00130709,0x000e1718,0x00100e00,0x00111614,0x00060715,0x00020a01,0x00010a08,0x000f170e,
  0x0007080a,0x001f1213,0x00222120,0x00230304,0x00091b1f,0x00202524,0x0013091f,0x000c2523,0x000b2726,0x001c0615,
  0x001a0a02,0x00071415,0x0018281b,0x0028051b,0x00222024,0x00000e02,0x001b051f,0x00040c23,0x00281926,0x00040527,
  0x00250d24,0x001e1c15,0x0015161e,0x00032905,0x000e181a,0x00020e1a,0x0004270c,0x000d250c,0x00270b0c,0x00282627,
  0x000a1a09,0x00240d22,0x00291f05,0x00131407,0x00121f29,0x001b091a,0x00192818,0x00282705,0x00020100,0x00050403,
  0x00080706,0x000b0a09,0x000e0d0c,0x0011100f,0x0009120d,0x00151413,0x000b1716,0x00191817,0x00110f1a,0x001d1c1b,
  0x001f1e0e,0x001d1b10,0x00222120,0x00192018,0x00201923,0x0025241f,0x00170001,0x0024261f,0x00082307,0x00292827,
  0x00251f0e,0x0015232a,0x002b1e26,0x000f2c06,0x000f0713,0x002c2d06,0x00202118,0x00011617,0x000b160a,0x002b0304,
  0x00292725,0x002e2a23,0x000b092e,0x00150514,0x002e2319,0x002a0515,0x001e1f26,0x002f0e0c,0x00120c0d,0x00111d10,
  0x00053004,0x000f102c,0x001b2c10,0x002d0806,0x0030052a,0x000a1209,0x000b1917,0x00202308,0x00130715,0x00001718,
  0x000d0e1e,0x002d2208,0x00300d1e,0x0013141a,0x00210018,0x00272425,0x000d3009,0x00302e09,0x00301e04,0x00031405,
  0x00252f29,0x000b2e19,0x00082220,0x000f0607,0x00231507,0x001a0f13,0x002e302a,0x000e2f25,0x001e2b04,0x00020100,
  0x00050403,0x00080706,0x000a0609,0x000c090b,0x000f0e0d,0x00121110,0x00151413,0x00171216,0x00001918,0x001b0f1a,
  0x00151c14,0x001b0e0f,0x0015130c,0x001a0f07,0x001f1e1d,0x000c2015,0x00200c21,0x00191518,0x000c0b21,0x00221e1f,
  0x00252423,0x00011900,0x00270326,0x001f2822,0x00070b09,0x00070906,0x002a290e,0x0000182b,0x00121916,0x002c0d0e,
  0x0018152b,0x001d232d,0x00202b15,0x0010141c,0x002a2e29,0x0008062f,0x00231d25,0x002c300d,0x00311117,0x00292c0e,
  0x00102832,0x000f0d0b,0x001b2a0e,0x000a1314,0x000a3226,0x00273228,0x00081a07,0x00060a26,0x00112810,0x00272632,
  0x00011619,0x001c1519,0x00141032,0x001e251d,0x002f0626,0x002f2604,0x00273303,0x00042603,0x00330503,0x0033271f,
  0x00300b0d,0x0030210b,0x000a1432,0x002d331d,0x00312811,0x000a0913,0x00090c13,0x0019121c,0x0012101c,0x00283122,
  0x001f2728,0x00331f1d,0x002d0533,0x000b070f,0x00121711,0x00020100,0x00050403,0x00050604,0x00090807,0x000c0b0a,
  0x000e060d,0x000c0f0b,0x000a0001,0x00111008,0x00080911,0x00000a0b,0x00111210,0x00081307,0x00050d06,0x00041303,
  0x00040713,0x000c0d0f,0x000d0c0e,0x00020100,0x00050403,0x00080706,0x00040509,0x000c0b0a,0x00060200,0x000f0e0d,
  0x000c100b,0x00090511,0x00141312,0x00030a15,0x000a0304,0x00171610,0x00000113,0x0012130d,0x000d180f,0x00060008,
  0x00131400,0x00140800,0x00100c17,0x000f0911,0x00011813,0x00180d13,0x000e0f11,0x00050e11,0x000e120d,0x000a0b15,
  0x00020100,0x00050403,0x00080706,0x000a0409,0x000d0c0b,0x000f0e01,0x00110310,0x00020012,0x000f130e,0x000d140c,
  0x00060701,0x00101615,0x0013170e,0x00171918,0x00090b0a,0x00030416,0x000f0107,0x000e1801,0x00020601,0x00050b09,
  0x00161003,0x0011101a,0x001b1819,0x00180e17,0x00121b15,0x00101b1a,0x000b0c0a,0x001d1c14,0x00140d1d,0x00110503,
  0x00040509,0x0012001b,0x00191a1b,0x0010151b,0x00011800,0x00181b00,0x00020100,0x00050403,0x00080706,0x00040a09,
  0x000d0c0b,0x00100f0e,0x0010110f,0x00131112,0x00101411,0x00161506,0x00191817,0x0007080b,0x00071316,0x00141211,
  0x00160607,0x000d0b08,0x001c1b1a,0x001a1d17,0x00171d19,0x00141000,0x000a0402,0x00130711,0x00021e0a,0x001e0200,
  0x001e0010,0x00040502,0x00041f03,0x00192018,0x00140001,0x00140121,0x000d220c,0x000f0b0c,0x000c2223,0x00110b0f,
  0x001f1b1c,0x0011070b,0x001a1b1d,0x00091b1f,0x00142112,0x00230e0f,0x00020501,0x00171c1a,0x000e1e10,0x000f0c23,
  0x00052101,0x0004091f,0x001c031f,0x00020100,0x00050403,0x00080706,0x00050a09,0x000a050b,0x000d080c,0x000f030e,
  0x00100001,0x00131211,0x00151314,0x0005030f,0x00171607,0x001a1918,0x00021401,0x001d1c1b,0x001f1e00,0x001a180a,
  0x0021200c,0x00212220,0x00231311,0x00250d24,0x00221b1c,0x00272619,0x0020221c,0x001f0010,0x00230e03,0x0006210c,
  0x00100304,0x00070817,0x00080d25,0x00102303,0x0023110e,0x00151420,0x00231001,0x00040528,0x00191a27,0x000b1a0a,
  0x00151c1d,0x0002001e,0x00060c08,0x00251708,0x001f1004,0x00021e24,0x00011413,0x00151d12,0x000f0b05,0x0018090a,
  0x001f0428,0x000d0224,0x00201c15,0x00280509,0x000d1402,0x00011323,0x00131512,0x0020140c,0x00140d0c,0x00020100,
  0x00050403,0x00080706,0x000b0a09,0x000d0c04,0x000e0b09,0x00100d0f,0x000f0b0e,0x00131211,0x00021201,0x00141202,
  0x00171615,0x00191018,0x001b141a,0x001d1c1b,0x00141b1c,0x001f1e0d,0x001c1311,0x00070001,0x000a2120,0x00242322,
  0x00272625,0x0004050f,0x00030428,0x0020010a,0x00010e09,0x00152917,0x00001402,0x00121411,0x001f1019,0x0012180e,
  0x00100f0e,0x000a0b2a,0x002b0b05,0x000d101f,0x00191813,0x0014001a,0x00291506,0x0029202c,0x002c1729,0x000e0112,
  0x00141c11,0x000b0f05,0x000f0d04,0x00290720,0x001e2d0c,0x001e0c0d,0x0027252d,0x00040c25,0x00100e18,0x00121318,
  0x00032b05,0x00262422,0x00070120,0x00070800,0x00081a00,0x00262825,0x00042528,0x000a2a21,0x002b2a0b,0x000a0109,
  0x00060729,0x002d250c,0x00262724,0x0020212c,0x00020100,0x00050403,0x00080706,0x000b0a09,0x000e0d0c,0x0011100f,
  0x000a1209,0x0010130f,0x00161514,0x0017110f,0x00161418,0x001b1a19,0x001e1d1c,0x000c1117,0x0009121f,0x00210f20,
  0x00232212,0x000a2023,0x0001240b,0x00082522,0x0026181c,0x00292827,0x002b2a23,0x00051e10,0x0022232a,0x002a1e1c,
  0x000b242c,0x0019151b,0x00070822,0x00261c1d,0x00200a2c,0x0003042d,0x002f272e,0x00302120,0x002b2313,0x001d3126,
  0x00272f29,0x00202c30,0x0007222a,0x00040d2d,0x00151906,0x00060715,0x00161b15,0x00251f12,0x000a0b2c,0x001e2a2b,
  0x002f2e0d,0x00170f21,0x00033105,0x00311d05,0x0004110d,0x000e292f,0x00131e2b,0x001e051d,0x00101e13,0x0014072a,
  0x000c0d11,0x00071415,0x00122225,0x002e2d0d,0x00141c18,0x000d0e2f,0x001f0009,0x00232013,0x000f1320,0x00051004,
  0x00101104,0x000a2312,0x0000010b,0x001c142a,0x00302c24,0x00000b09,0x00020100,0x00050403,0x00080706,0x000b0a09,
  0x000e0d0c,0x0011100f,0x00090a12,0x00151413,0x00160912,0x00191817,0x001b101a,0x001e1d1c,0x00200d1f,0x00082119,
  0x00151322,0x001d1b23,0x00210806,0x00221824,0x00261425,0x00112418,0x001a1006,0x00292827,0x001f0304,0x000d2b2a,
  0x002d2c2a,0x00111819,0x001f0d2a,0x0007082e,0x0004072e,0x00251626,0x001c1d23,0x00031f2c,0x002b272d,0x00262f14,
  0x002f2630,0x0023311c,0x00070532,0x00272b29,0x0034330a,0x00170819,0x00221318,0x00110f35,0x001e350f,0x00331730,
  0x00081733,0x0008332e,0x001b1d10,0x00111921,0x0006321a,0x00113524,0x00001415,0x0033120a,0x00342e33,0x0013142f,
  0x00123026,0x00123330,0x000e2b0d,0x002d2a2b,0x000e292b,0x001f2a2c,0x00320607,0x0034042e,0x00050704,0x00341f04,
  0x000b0c20,0x000c0d20,0x00122616,0x001f3420,0x00171813,0x00132f17,0x002f3017,0x00112110,0x00210610,0x00000114,
  0x00012514,0x001d1e0f,0x00101d0f,0x000b200a,0x0020340a,0x00020100,0x00050403,0x00080706,0x000a0409,0x000d0c0b,
  0x00070f0e,0x00041110,0x00141312,0x00171615,0x00131812,0x001a0f19,0x000e1c1b,0x001f1e1d,0x001d201f,0x00001e1f,
  0x00040a11,0x00211d18,0x00070822,0x000c2315,0x00240905,0x00190f25,0x00282726,0x00290b0c,0x002b2a25,0x002c2021,
  0x002f2e2d,0x002b2f2d,0x0031301c,0x002f2b25,0x002b2d32,0x00040509,0x00330503,0x00232617,0x00181d33,0x00041003,
  0x00313430,0x00363532,0x00262328,0x00371011,0x00330318,0x0022082c,0x00060e1b,0x0006070e,0x001a311c,0x00373810,
  0x00141038,0x001c0e0f,0x00072e2f,0x00252a19,0x00211322,0x0013142e,0x00353639,0x0015163a,0x001e3b33,0x00121803,
  0x00332405,0x000d2823,0x00141210,0x00120310,0x000f1a1c,0x001d2120,0x00333b24,0x0037153a,0x0039363a,0x003a1639,
  0x000a0b29,0x00171523,0x002c2122,0x002e142d,0x00352a2b,0x00371129,0x000d230c,0x002d3832,0x00352b32,0x00383736,
  0x00291537,0x00331d1e,0x000a2911,0x00290c15,0x002d1438,0x00072f0f,0x002f250f,0x0000011e,0x00013b1e,0x00132118,
  0x00363238,0x00301b1c,0x0036373a,0x0007222e,0x0022132e,0x00020100,0x00050403,0x00080706,0x00090304,0x00050001,
  0x00040709,0x0005030a,0x00020b01,0x000e0d0c,0x000c0f0e,0x00050a00,0x000e100d,0x00120811,0x00061108,0x00140c13,
  0x00080907,0x00111412,0x000f0c14,0x00131214,0x00001502,0x00150b02,0x00020100,0x00050403,0x00080706,0x00040a09,
  0x000d0c0b,0x00000f0e,0x00000602,0x000d1110,0x00120a04,0x00020613,0x00140b0c,0x00160f15,0x00181711,0x000e0800,
  0x00191306,0x0019091a,0x00161501,0x00110d18,0x00190709,0x00120405,0x00031405,0x001b0e0f,0x00150001,0x000f0015,
  0x0014030b,0x00191a13,0x00141205,0x00000806,0x001a090a,0x00121a0a,0x00190607,0x000d100c,0x00020100,0x00050403,
  0x00020601,0x00090807,0x0009070a,0x000d0c0b,0x00100f0e,0x00121100,0x00140f13,0x00091508,0x00060216,0x000f1017,
  0x00140e0f,0x000c1801,0x00190a07,0x001b161a,0x000b0616,0x00060b0c,0x001a1602,0x00041903,0x0012000f,0x001c1003,
  0x00011813,0x0001060c,0x0017120f,0x00141318,0x0017101c,0x0019040a,0x00011300,0x001e1d15,0x0015091e,0x000e0510,
  0x00050310,0x00071f19,0x001f1c03,0x00001102,0x00111a02,0x001f0319,0x000f0013,0x00020100,0x00050403,0x00050706,
  0x00090208,0x000c0b0a,0x000d0503,0x00000d0e,0x000f0802,0x00011007,0x00110e0d,0x00141312,0x00000f02,0x0011150e,
  0x00151716,0x000a0b12,0x0019180f,0x00040506,0x00091001,0x00120b14,0x001a0607,0x001b190f,0x001d031c,0x001e0a12,
  0x00160e15,0x00101a07,0x00001b0f,0x000d1d11,0x0021201f,0x00041c03,0x00142213,0x001e0c0a,0x00231c04,0x00182408,
  0x00061a20,0x00252321,0x00230421,0x0018080f,0x0025261e,0x00202106,0x00161b0e,0x001b000e,0x00050107,0x001d0d03,
  0x00260c1e,0x00252126,0x0016191b,0x00040621,0x00090102,0x0000010d,0x0001050d,0x000c261f,0x0026211f,0x00020100,
  0x00050403,0x00020601,0x00000807,0x000b0a09,0x000d070c,0x00100f0e,0x00131211,0x00051514,0x000c1716,0x000d0c16,
  0x00131806,0x001a190b,0x0008001b,0x001e1d1c,0x00081c1d,0x00011b00,0x001f0503,0x00002002,0x00122111,0x00232219,
  0x000a2524,0x00042603,0x00271a09,0x00292821,0x0007170c,0x00060213,0x000d162a,0x001f0e05,0x002a1610,0x00091a0b,
  0x002a1f0d,0x00262903,0x00191a23,0x00202b21,0x00022012,0x00251424,0x00150e0f,0x000d1f2b,0x00130212,0x00100e2a,
  0x002c150f,0x00200d2b,0x00292628,0x00070817,0x00051404,0x00250414,0x00270924,0x00122021,0x001f0329,0x00292b1f,
  0x00281121,0x00081d17,0x00070d20,0x0029212b,0x0027242c,0x000a2409,0x0015050e,0x001c081b,0x001f2a0e,0x00200007,
  0x00152414,0x00152c24,0x00020100,0x00050403,0x00080706,0x000a0109,0x000d0c0b,0x00100f0e,0x00121105,0x00151413,
  0x00181716,0x001a1319,0x001b100e,0x001e1d1c,0x000d201f,0x00002102,0x00242322,0x00022223,0x000f0607,0x00170216,
  0x0007000a,0x0026250e,0x00282720,0x00251b0e,0x002b2a29,0x00172c01,0x00112514,0x00092c14,0x001c0f1e,0x00042a2d,
  0x002a0b0c,0x0003042d,0x0017182c,0x001a1513,0x00251112,0x00200d28,0x000a1425,0x00151114,0x00220221,0x000f1c06,
  0x0007260f,0x00101e0f,0x002c0901,0x00231602,0x00142c13,0x002c1913,0x002c1819,0x00070a26,0x002b291a,0x0004292a,
  0x00140a09,0x000c2e2d,0x002a0c2d,0x000c1f2e,0x00010a00,0x00021701,0x00070800,0x00082100,0x00041529,0x002b0b2a,
  0x00151a29,0x00111504,0x00032d2e,0x00260a25,0x000f260e,0x0025121b,0x00040511,0x000d1f0c,0x00020100,0x00050403,
  0x00000106,0x00090807,0x000c0b0a,0x000f0e0d,0x00121110,0x0009130b,0x00121514,0x00171615,0x00090503,0x001a1918,
  0x001b1602,0x0002171c,0x00090308,0x00021c01,0x001f1e1d,0x00201f16,0x00170216,0x00222103,0x00151f23,0x00072413,
  0x000b0c25,0x00282726,0x002a290b,0x00032108,0x00050929,0x00011c0d,0x002c1c2b,0x00180e1a,0x0015161f,0x00141523,
  0x00222c21,0x002b1021,0x002d0f0d,0x002e2407,0x0012102b,0x0030222f,0x00302d0d,0x00282625,0x002e1011,0x00090b29,
  0x000e1806,0x0006010e,0x000f1a0e,0x002c2b21,0x00311d1e,0x00111214,0x00121715,0x001d231f,0x00071309,0x00302f2d,
  0x0017122b,0x00102e07,0x00042203,0x00300d1c,0x00070810,0x00082110,0x000b130a,0x000c2825,0x000d0e01,0x00172b1c,
  0x00001b02,0x00201e1f,0x002a2526,0x00252a0b,0x00240a13,0x00042f22,0x0022302c,0x00301c2c,0x001b2016,0x00020100,
  0x00050403,0x00080706,0x000b0a09,0x000e0d0c,0x0011100f,0x00141312,0x00161513,0x00191817,0x001c1b1a,0x001e1d0a,
  0x00200f1f,0x00090d21,0x001c2322,0x00262524,0x00271e0b,0x00001428,0x00102223,0x00122814,0x00110607,0x00182410,
  0x002b2a29,0x00210304,0x00132c1b,0x002e2d0d,0x002f231c,0x00181023,0x001a1e2f,0x00171827,0x00182624,0x00011614,
  0x0003212d,0x0030292e,0x002f2723,0x001d2c31,0x0033321f,0x001c341b,0x0029302b,0x00123528,0x002c1a1b,0x00131b12,
  0x0034121b,0x0020110f,0x001c1a2f,0x00360a1d,0x001e272f,0x0010240f,0x00112210,0x000c0937,0x000f2533,0x00040517,
  0x00083534,0x0037090a,0x00061120,0x00090c0d,0x000e300d,0x0015312c,0x0013152c,0x002e0d30,0x000e2b30,0x00210d2d,
  0x00261819,0x00270417,0x00191705,0x000b2104,0x00210b09,0x00361d31,0x00000114,0x00250f24,0x000b1e0a,0x00141613,
  0x00182327,0x000a3637,0x001f0f33,0x001e1a1d,0x001a2c1d,0x00110722,0x00071c22,0x001c0734,0x00351234,0x0004270b,
  0x00070834,0x00020100,0x00050403,0x00080706,0x000a0709,0x000d0c0b,0x000f060e,0x00121110,0x00130607,0x00161514,
  0x00191817,0x001c1b1a,0x00161d03,0x000a091e,0x0021201f,0x0000221f,0x00231603,0x00241b1c,0x00191708,0x00220001,
  0x001d2625,0x00271c1a,0x002a2928,0x0025262b,0x000d261d,0x000d2c26,0x00272d1c,0x002f0a2e,0x00323130,0x00040533,
  0x00042e34,0x002b0325,0x00230434,0x0035282c,0x00182127,0x0036241c,0x00323731,0x000e300f,0x0028352a,0x00381411,
  0x00121b24,0x003b3a39,0x0009271e,0x001d140c,0x003c3230,0x00162315,0x003d1523,0x00211f22,0x001b3d1a,0x003c303b,
  0x00070a13,0x00141011,0x000d1d0c,0x00380b0c,0x000b350d,0x002d223e,0x001e271a,0x002c0d35,0x000b2a35,0x0005032b,
  0x00341e3d,0x00151b10,0x00181920,0x00393a3f,0x003f3305,0x00031d25,0x003c3b39,0x00130e06,0x0023343d,0x00361c2d,
  0x00202118,0x001d1614,0x002f2e3a,0x00133b0e,0x00141510,0x00212d27,0x00310f30,0x003e362d,0x003b300e,0x00081707,
  0x001e1a3d,0x001b1210,0x00153d1b,0x00030423,0x00170907,0x00270918,0x00342e0a,0x002f130a,0x00180917,0x00333f3a,
  0x00013e22,0x002d2122,0x00132f3b,0x002f3a3b,0x00340a1e,0x002e0433,0x00380c14,0x003a2e33,0x00020100,0x00040302,
  0x00030102,0x00030501,0x00070604,0x00060304,0x00060803,0x00080503,0x00080905,0x000b0a07,0x000a0607,0x000a0c06,
  0x000c0806,0x000c0d08,0x000d0908,0x000d0e09,0x00100f0b,0x000f0a0b,0x000f110a,0x00110c0a,0x0011120c,0x00120d0c,
  0x0012130d,0x00130e0d,0x0013140e,0x00161510,0x00150f10,0x0015170f,0x0017110f,0x00171811,0x00181211,0x00181912,
  0x00191312,0x00191a13,0x001a1413,0x001a1b14,0x001d1c16,0x001c1516,0x001c1e15,0x001e1715,0x001e1f17,0x001f1817,
  0x001f2018,0x00201918,0x00202119,0x00211a19,0x0021221a,0x00221b1a,0x0022231b,0x0025241d,0x00241c1d,0x0024261c,
  0x00261e1c,0x0026271e,0x00271f1e,0x0027281f,0x0028201f,0x00282920,0x00292120,0x00292a21,0x002a2221,0x002a2b22,
  0x002b2322,0x002b2c23,0x002e2d25,0x002d2425,0x002d2f24,0x002f2624,0x002f3026,0x00302726,0x00303127,0x00312827,
  0x00313228,0x00322928,0x00323329,0x00332a29,0x0033342a,0x00342b2a,0x0034352b,0x00352c2b,0x0035362c,0x0038372e,
  0x00372d2e,0x0037392d,0x00392f2d,0x00393a2f,0x003a302f,0x003a3b30,0x003b3130,0x003b3c31,0x003c3231,0x003c3d32,
  0x003d3332,0x003d3e33,0x003e3433,0x003e3f34,0x003f3534,0x003f4035,0x00403635,0x00404136,0x00020100,0x00020403,
  0x00020605,0x00020807,0x00020701,0x00020309,0x00020b0a,0x00020c04,0x0002050c,0x00020a06,0x00020908,0x00020100,
  0x00050403,0x00070206,0x00090208,0x0002090a,0x00020c0b,0x00020b01,0x00060204,0x00020d08,0x00030402,0x00020a0c,
  0x0002070d,0x00020100,0x00040003,0x00070605,0x000a0908,0x00010700,0x000c000b,0x00000d0b,0x000a0800,0x00050007,
  0x00000c0e,0x0000040d,0x00000e02,0x00030008,0x00020100,0x00040203,0x00070605,0x00020908,0x00060b0a,0x00020a0b,
  0x00020c03,0x00050d07,0x000a0506,0x00020e09,0x00020801,0x0002040e,0x00020b0c,0x00020100,0x00040003,0x00070605,
  0x00090008,0x00010700,0x000b0a08,0x000b0800,0x00000c03,0x0000040d,0x000a0f0e,0x00050007,0x000e080a,0x00000d02,
  0x0000090c,0x00020100,0x00050403,0x00080706,0x000a0409,0x000b0004,0x000d0c09,0x000d0904,0x00020801,0x00040e03,
  0x0004050b,0x00060108,0x000c100f,0x000f090c,0x00040001,0x00040a0e,0x00020100,0x00040203,0x00030205,0x00080706,
  0x000a0906,0x0009050b,0x00020d0c,0x0002040e,0x000b0609,0x00020c01,0x00080f07,0x00020e0d,0x00020b05,0x000a0607,
  0x00020100,0x00040003,0x00070605,0x000a0908,0x000c0b09,0x00010700,0x0003000d,0x000c0e0b,0x000d0008,0x000f0809,
  0x00050007,0x00000410,0x000a0800,0x00001002,0x000f090b,0x00020100,0x00050403,0x00080706,0x000b0a09,0x00040001,
  0x000c0004,0x000f0e0d,0x0010040f,0x00060108,0x00110d0e,0x00020801,0x0004050c,0x00030410,0x00110b0d,0x00090d0b,
  0x000e0f04,0x00020100,0x00050403,0x00020601,0x00090807,0x000a0708,0x000b0004,0x00040d0c,0x000d070e,0x000f0400,
  0x00061110,0x000a0e07,0x000f0001,0x0004050b,0x00100106,0x0003040c,0x00091208,0x000e0c0d,0x00020100,0x00040203,
  0x00070605,0x00090708,0x00080a09,0x00020b03,0x00020d0c,0x0002040e,0x000b090a,0x00020c01,0x00020e0d,0x00100f06,
  0x00050807,0x000f0506,0x000a030b,0x00020100,0x00040003,0x00070605,0x000a0908,0x00000b02,0x00010700,0x000c0809,
  0x000a080d,0x0003000e,0x00100c0f,0x000e0d08,0x00090f0c,0x000d0e00,0x00050007,0x0000040b,0x0011100f,0x00020100,
  0x00040003,0x00070605,0x000a0908,0x000c0b09,0x000d0001,0x000b0e09,0x00000f03,0x00050d07,0x00001002,0x0001070d,
  0x00000410,0x000c110b,0x00120f08,0x000a080f,0x000e0809,0x0012030f,0x00020100,0x00050403,0x00010706,0x000a0908,
  0x000b0a08,0x00040c00,0x000e0d09,0x00040d03,0x000e030d,0x0007100f,0x0011090d,0x00060001,0x00110809,0x000a0b12,
  0x0004050c,0x0002000c,0x0013120b,0x000f0607,0x00020100,0x00020003,0x00060504,0x00090807,0x000c0b0a,0x00040c06,
  0x00010a0b,0x00080d07,0x000e070d,0x000d0f0e,0x000a060c,0x00111005,0x00120e0f,0x00091413,0x00001203,0x000f0312,
  0x00130809,0x000b0001,0x00050611,0x00020100,0x00050403,0x00080706,0x000a0609,0x0007080b,0x00020304,0x00020d0c,
  0x0002040e,0x00090607,0x00020c01,0x000f0b08,0x0011100a,0x0010060a,0x00030b05,0x000f050b,0x00020e0d,0x00020100,
  0x00040003,0x00070605,0x000a0908,0x00090c0b,0x00010700,0x00090d0c,0x000f0e03,0x000f0300,0x000b0809,0x000a080e,
  0x00100c0d,0x00001102,0x0012030e,0x00050007,0x00000411,0x00120e08,0x00020100,0x00050403,0x00080706,0x00040509,
  0x000c0b0a,0x000d0001,0x000e0304,0x000f000e,0x00060d08,0x00001002,0x0001080d,0x00000f10,0x00091211,0x00030e00,
  0x000c130b,0x00120905,0x000b110a,0x000a1112,0x00020100,0x00050403,0x00010706,0x000a0908,0x000a080b,0x00040c00,
  0x0002000c,0x000d0304,0x000b0e0d,0x00100f07,0x00091108,0x00060001,0x0004050c,0x000e0b08,0x00141312,0x00091213,
  0x00070110,0x00030d0e,0x00091311,0x00020100,0x00010203,0x00060504,0x00090807,0x000c0b0a,0x00040d06,0x000d000e,
  0x000a030f,0x00070810,0x000a110c,0x0012060d,0x00141305,0x000d0e12,0x00071509,0x00111008,0x00020f03,0x00030a0b,
  0x000c1108,0x00010e00,0x00050614,0x00020100,0x00050403,0x00080706,0x00020409,0x00080a07,0x00010c0b,0x000f0e0d,
  0x00010209,0x00111004,0x00021104,0x00071206,0x00151413,0x00050904,0x000a0304,0x00160f0d,0x00170806,0x00000118,
  0x000c0f0b,0x00001902,0x00191102,0x00051a09,0x001d1c1b,0x00011a0c,0x00180b16,0x000e130d,0x00121c17,0x00121b1c,
  0x00121706,0x001a0109,0x00130e15,0x0010070a,0x000a0410,0x000f160b,0x00010b18,0x000a0803,0x00020100,0x00050403,
  0x00030602,0x00090807,0x000c0b0a,0x00060304,0x00020e0d,0x000f0206,0x00080910,0x00020d01,0x000a1009,0x00120711,
  0x00081107,0x00100a0b,0x0004050c,0x000b0c05,0x00020f0e,0x00020100,0x00000302,0x00060504,0x00090807,0x00090b0a,
  0x00010600,0x00090c0b,0x000f0e0d,0x00110f10,0x00090a08,0x00120e08,0x00130b0c,0x00100311,0x0007080e,0x000d100f,
  0x00040006,0x00001103,0x00120d0e,0x00020100,0x00050403,0x00080706,0x000b0a09,0x000d0c0a,0x000e0001,0x0004050f,
  0x00111003,0x00060108,0x00001002,0x0001060e,0x00000310,0x00130b12,0x00110304,0x00120f05,0x00130a0b,0x000c090a,
  0x000d140c,0x000f120b,0x00020100,0x00050403,0x00020706,0x00080304,0x00080a09,0x000c0b01,0x000e0a0d,0x000f0405,
  0x00080903,0x00111007,0x00010b00,0x00020601,0x00120d0a,0x000e1413,0x000c050b,0x00140e0d,0x00151314,0x00120a08,
  0x00070211,0x00050c0f,0x00020100,0x00040103,0x00070605,0x000a0908,0x00040001,0x00050807,0x000b0102,0x000e0d0c,
  0x000e030d,0x00100f09,0x00121109,0x00141306,0x0015090f,0x00150c0d,0x00021716,0x00080911,0x0010180f,0x000c150f,
  0x00191617,0x0010090a,0x000f180c,0x001b1a0d,0x001b0d03,0x001d1c19,0x001a1215,0x00070811,0x00050a08,0x00170200,
  0x00191c16,0x001a150d,0x00060714,0x000b1b03,0x00091512,0x000b0301,0x000e0403,0x00020100,0x00050403,0x00080706,
  0x000b0a09,0x000d0c0a,0x000f0e06,0x000b1110,0x00041312,0x00161514,0x00141017,0x0008060e,0x001a1918,0x00121604,
  0x0001021b,0x00001c12,0x001c1512,0x00111d17,0x00131b02,0x00061e1b,0x00161215,0x001b130f,0x00201f11,0x000d2221,
  0x000b0911,0x001d0416,0x00031d1f,0x0018081a,0x001b0f06,0x001d0304,0x00201109,0x000f2423,0x00042413,0x00240f13,
  0x000c2009,0x00052324,0x001e011b,0x00081807,0x001d1617,0x00071e06,0x000a0c09,0x00111710,0x00040524,0x00141716,
  0x000f230e,0x00001202,0x00121302,0x000d210c,0x001d111f,0x00020100,0x00050403,0x00080706,0x000b0a09,0x000e0d0c,
  0x000f0607,0x0011100e,0x00041312,0x00000114,0x00161512,0x000f0717,0x001a1918,0x0015161b,0x001e1d1c,0x00060f1f,
  0x001d0d1c,0x000f1a1f,0x00070820,0x00202116,0x00161320,0x00222013,0x00142300,0x000a2409,0x00161213,0x00041210,
  0x00110924,0x000e0b09,0x001a181f,0x00152625,0x00031124,0x000a0b02,0x000b0102,0x00110e09,0x001c1012,0x0012151c,
  0x00221327,0x00040513,0x00052713,0x00280e0c,0x001d0c0d,0x00101c0d,0x00202207,0x00221707,0x00010b28,0x00110304,
  0x00101104,0x001b2615,0x00251e15,0x00082120,0x00211b16,0x0018061f,0x00151e1c,0x000e100d,0x000b0e28,0x00222717,
  0x00020100,0x00050403,0x00070602,0x000a0908,0x000c0b03,0x00050604,0x00020e0d,0x00070406,0x00090a0f,0x00100f0a,
  0x00020d01,0x00101211,0x00091308,0x000c0304,0x0013030b,0x000b0813,0x0010110f,0x000e0206,0x00020100,0x00050403,
  0x00080706,0x000b0a09,0x000e0d0c,0x000f0800,0x0011100e,0x00090304,0x00050104,0x000d0e10,0x000f0012,0x00111413,
  0x000d0b0c,0x0003090a,0x00060008,0x00020401,0x00120001,0x00111310,0x000b0d0a,0x00020100,0x00050403,0x00080706,
  0x00090304,0x000c0b0a,0x000d0102,0x000f050e,0x00060208,0x00050f10,0x000f0e01,0x00010e00,0x000b0c11,0x0002060d,
  0x0013120c,0x000b090a,0x00131412,0x00051004,0x00090b15,0x00091503,0x000c1211,0x00020100,0x00050403,0x00080706,
  0x00040a09,0x000d0c0b,0x000f0e02,0x00111009,0x00050104,0x00040112,0x00141307,0x00150b0c,0x00021601,0x000d170c,
  0x0002180f,0x00110b15,0x00080618,0x00060f18,0x00161201,0x001b1a19,0x00030409,0x000e1602,0x00101115,0x00070814,
  0x0004120a,0x0010150c,0x0002001c,0x0018021c,0x00190d1b,0x000a1109,0x000d1917,0x00050001,0x001c0818,0x00030910,
  0x00020100,0x00050403,0x00080706,0x000b0a09,0x00030d0c,0x00080a0b,0x000f0e02,0x0004100d,0x00120e11,0x00130f02,
  0x00151214,0x00171607,0x000d100c,0x0003040d,0x00191815,0x00121518,0x000a1109,0x001a1915,0x00061b0a,0x00141a15,
  0x001b140a,0x00121114,0x001e1d1c,0x00021f13,0x00110e20,0x00012100,0x00091120,0x00221f05,0x00070817,0x0012010e,
  0x00131f22,0x00230405,0x001f0200,0x0001020e,0x00101c0c,0x001c101e,0x00200e0f,0x0023051f,0x001a141b,0x00231f24,
  0x00220503,0x00240021,0x000b1708,0x00121801,0x00060a08,0x000a1411,0x00210118,0x001f0024,0x00020100,0x00050403,
  0x00080706,0x000b0a09,0x000c090a,0x000d0607,0x000b040e,0x000f0b0e,0x00121110,0x00140213,0x00171615,0x001a1918,
  0x001b0f0e,0x001d1c05,0x001e1d13,0x001f111e,0x00060d18,0x00021401,0x001d2013,0x00121e11,0x00081407,0x00202221,
  0x00252423,0x00040b26,0x0027111f,0x001c0e04,0x0000271f,0x00290928,0x00092926,0x001c101b,0x0003042a,0x000c2528,
  0x001e121d,0x001c0405,0x00202b22,0x00232825,0x00001e02,0x0009260b,0x001c1b0e,0x00292a26,0x00211413,0x000c2809,
  0x00180d1a,0x000a0b0f,0x00211516,0x00071421,0x00032b05,0x002b2005,0x00101c12,0x001c1d12,0x0016170d,0x00171a0d,
  0x0004262a,0x000d0716,0x00072116,0x00011408,0x001e1302,0x00001f1e,0x001d0520,0x00212215,0x00211320,0x00020100,
  0x00050403,0x00080706,0x000b0a09,0x000e0d0c,0x0011100f,0x00141312,0x00160415,0x00171213,0x00180200,0x001a0f19,
  0x001d1c1b,0x00201f1e,0x00222115,0x00141500,0x000f0e0c,0x001e0623,0x00262524,0x00070827,0x00292806,0x002a190f,
  0x002d2c2b,0x0008061e,0x00221504,0x00032829,0x000c0d2a,0x0021222a,0x000f1a11,0x00180015,0x002e1713,0x00162328,
  0x00201217,0x0007272f,0x0012201e,0x00121614,0x002a2230,0x00323127,0x00040522,0x00053022,0x00081f27,0x00140113,
  0x00140001,0x001a1d11,0x0010111b,0x001b111d,0x00042803,0x002b2f31,0x00230628,0x000d1821,0x00271f32,0x00330224,
  0x00290607,0x00250d0e,0x00182602,0x0009010b,0x00240226,0x002e1301,0x00020b01,0x00212a0d,0x00280416,0x001e2312,
  0x002a3019,0x00100e0f,0x000c2a0f,0x001f081e,0x00151416,0x002b312d,0x00161223,0x000d2526,0x00330a0b,0x002e0109,
  0x0002330b,0x00181521,0x00180d26,0x002f2731,0x00322d31,0x00020100,0x00050403,0x00080706,0x000b0a09,0x000d0c0a,
  0x0006070e,0x0005100f,0x000d0a0f,0x000c0d11,0x00141312,0x00161500,0x00191817,0x000b0f0a,0x001c1b1a,0x001f1e1d,
  0x00031c20,0x001f211e,0x00232208,0x00011600,0x00240722,0x00222524,0x00162615,0x00050b04,0x00252720,0x00200503,
  0x00281412,0x00271020,0x00191118,0x002a2909,0x000b050f,0x002d2c2b,0x001a1b2e,0x000e2e2f,0x000d1030,0x00052010,
  0x00283114,0x00180d30,0x00040b2d,0x00201c25,0x001c2425,0x00290209,0x000a2a09,0x00120e2f,0x00060e13,0x000b092d,
  0x002f2812,0x00171f1d,0x0018110d,0x00301f18,0x00181f17,0x00191732,0x00022d09,0x00022c2d,0x00232122,0x00272522,
  0x00070822,0x00240e07,0x001a2e0e,0x0012130e,0x00343303,0x00331b1c,0x000e241a,0x000c2a0a,0x001f3027,0x00231e21,
  0x00102730,0x000d0f10,0x002b042d,0x00001535,0x001c0333,0x00340304,0x001f2721,0x00272221,0x001d3217,0x002b3404,
  0x00290102,0x00003502,0x00352c02,0x00241c1a,0x00020100,0x00050403,0x00060304,0x00060807,0x00030609,0x000c0b0a,
  0x000f0e0d,0x000f1110,0x00130212,0x000b0c05,0x00070d0e,0x00060709,0x000d0708,0x00140405,0x00021301,0x000f100e,
  0x00120a0b,0x000a1202,0x0014050c,0x00020100,0x00050403,0x00080706,0x000a0409,0x000c050b,0x00060e0d,0x00060d08,
  0x00100f0c,0x00120211,0x000d0001,0x00001102,0x00050c0f,0x00121113,0x00101514,0x0005030b,0x0009120a,0x0012130a,
  0x0010140f,0x000d0e00,0x000a0304,0x00020100,0x00050403,0x00080706,0x000a0900,0x000d0c0b,0x00100f0e,0x00110304,
  0x00050a01,0x00120311,0x0010130f,0x00020013,0x000c0d14,0x0009150f,0x0017160d,0x00150818,0x00061808,0x00060e18,
  0x00180e0f,0x0000090f,0x000a0001,0x000c190b,0x00171a16,0x00050104,0x0011041b,0x00021b01,0x00011b04,0x000f1518,
  0x000f1300,0x00111912,0x00190c1c,0x000d1614,0x00191c12,0x00121c03,0x00020100,0x00050403,0x00080706,0x000a0009,
  0x000c0b02,0x000f0e0d,0x000b1001,0x00131211,0x00151214,0x00171606,0x00190818,0x000f1412,0x000c1a0b,0x001c0d1b,
  0x001e1d19,0x00100901,0x00181b0d,0x001c140f,0x0021201f,0x00040903,0x00221305,0x00030910,0x000d1c0f,0x00081907,
  0x00071d17,0x00150a11,0x001e0e22,0x000e1322,0x0009040a,0x000d1918,0x00121511,0x001f0c21,0x000e1e19,0x00170607,
  0x00130e12,0x000e0f12,0x0004110a,0x0007191d,0x000e190d,0x00040513,0x000c1f1a,0x00020b01,0x00090001,0x00110413,
  0x00020100,0x00050403,0x00080706,0x000a0109,0x000d0c0b,0x000f080e,0x00111003,0x00060a09,0x00131200,0x00020514,
  0x000f0e15,0x00171607,0x001a1918,0x0001141b,0x001c0012,0x0002001c,0x0019101d,0x000a1301,0x000e0809,0x001e021c,
  0x0009010e,0x001b150e,0x0021201f,0x00242322,0x001b1425,0x000d1f0c,0x000c180b,0x001a1019,0x00070817,0x001d2619,
  0x00011300,0x00221024,0x00232522,0x000b1819,0x00021e05,0x00250503,0x0019260b,0x001f0d21,0x00232725,0x001b2527,
  0x00111d10,0x00101a24,0x000d0b26,0x00060908,0x000f1708,0x00140525,0x00110304,0x0004051e,0x00031022,0x00032225,
  0x001b2715,0x001b0e01,0x00021401,0x00020100,0x00050403,0x00080706,0x00020a09,0x00000c0b,0x000f0e0d,0x000d0710,
  0x00131211,0x00140405,0x00160d15,0x000f0d17,0x001a1918,0x001d1c1b,0x001f1e14,0x00200b0c,0x00222114,0x00161123,
  0x00091115,0x00070810,0x00000b02,0x001e1d1b,0x0016170d,0x00262524,0x0028271e,0x00161511,0x00162917,0x001c2a1b,
  0x0004141e,0x00291623,0x00021001,0x00202b0a,0x00080110,0x00030427,0x001c262a,0x00090a13,0x00221213,0x00232c29,
  0x00242a26,0x00110523,0x002b130a,0x000e070d,0x001f1d1e,0x002c2305,0x00032c05,0x00060e18,0x000e1a18,0x00200a0b,
  0x00151009,0x00020910,0x00122214,0x000f1a0e,0x0006070e,0x00020b0a,0x00041e27,0x00281b2a,0x001e1b28,0x0022132d,
  0x002b2d13,0x00140512,0x00051112,0x001f1421,0x00222d21,0x00091311,0x00150d10,0x00020100,0x00050403,0x00080706,
  0x000a0209,0x000d0c0b,0x000e0607,0x0011100f,0x0013120a,0x00150914,0x00020a01,0x00181716,0x001b1a19,0x0003041c,
  0x001e1d0c,0x0021201f,0x00231f22,0x00001f20,0x00040524,0x00272625,0x00070828,0x00211420,0x00282907,0x002a1617,
  0x002d2c2b,0x002e1c0f,0x00010a2f,0x00311c30,0x000d2d1e,0x002a292f,0x00110a09,0x00270026,0x00110915,0x0010322e,
  0x00333130,0x00111534,0x00113410,0x000f1311,0x000e0717,0x001d1e2b,0x002a2f24,0x0024352a,0x00120424,0x000a122f,
  0x002e0b0c,0x00060e19,0x001b190e,0x0012242f,0x000c0d1e,0x00031c31,0x002e301c,0x000b2e32,0x002e0c30,0x00012600,
  0x00221f00,0x00012926,0x002d2b1e,0x002a3516,0x00352405,0x0033300c,0x000a1113,0x00292826,0x00012f29,0x0017180e,
  0x00181b0e,0x0023211f,0x00220027,0x00170729,0x00330c1d,0x00130412,0x00292a17,0x00343210,0x00201409,0x00200902,
  0x00002002,0x00102e0f,0x00082528,0x00252628,0x00131c04,0x00130f1c,0x00020100,0x00050403,0x00080706,0x000b0a09,
  0x000e0d0c,0x0007100f,0x00051211,0x00050313,0x00161514,0x00191817,0x001c1b1a,0x001e061d,0x0001201f,0x000f1021,
  0x00242322,0x000c1c0b,0x00052212,0x00242508,0x00121f11,0x00070825,0x001b261a,0x00292827,0x000c0d1c,0x00262a19,
  0x000a0409,0x00151617,0x00151710,0x002b0411,0x001e0f2c,0x0006071d,0x00261b2a,0x00161303,0x002e2d0d,0x0020111f,
  0x000a2f04,0x00323130,0x000f332c,0x00272e29,0x00330f21,0x000e2e0d,0x00242225,0x000f1e1d,0x001d070f,0x00202b11,
  0x00160334,0x00341916,0x00231222,0x00100715,0x00131614,0x00230012,0x00001f12,0x00103521,0x00150714,0x000a0b1c,
  0x001a0a1c,0x00183517,0x000e292e,0x002f3403,0x0003042f,0x002e272d,0x002a1b36,0x00371b0d,0x0032302c,0x002d370d,
  0x00191716,0x00181938,0x002a3638,0x00051322,0x00132522,0x001a260a,0x00262f0a,0x0038192a,0x00173510,0x001e2c30,
  0x002f2634,0x00261934,0x00051104,0x00042b09,0x002c3332,0x0000011f,0x001b1c0d,0x0037361b,0x00251407,0x00251314,
  0x00020100,0x00050403,0x00080706,0x000b0a09,0x000d0c0a,0x00100f0e,0x00110a0c,0x000d0a12,0x0013100e,0x00161514,
  0x00191817,0x001c1b1a,0x00161d10,0x0016141d,0x0000101d,0x00201f1e,0x0022210c,0x00231e08,0x00241613,0x001f071e,
  0x000e2513,0x00282726,0x002b2a29,0x002c0422,0x00231415,0x002d1a1b,0x000a1109,0x00252124,0x002e2122,0x0026302f,
  0x002b302a,0x00333231,0x000b3112,0x00101316,0x000c2511,0x002d341a,0x00360535,0x00000110,0x00321231,0x00370911,
  0x0007081e,0x00120a0b,0x001b1c19,0x00382d1b,0x002b2932,0x00152420,0x00171835,0x000e0f37,0x000d220c,0x00250c21,
  0x00010f10,0x0033282f,0x001e1520,0x00381b19,0x00241325,0x00212024,0x00042e22,0x0037110e,0x00302b2f,0x00391c06,
  0x0023151e,0x00212e20,0x002b322f,0x00042c03,0x00381917,0x00363518,0x00071939,0x00362e04,0x00320d12,0x00162415,
  0x00073906,0x00191c39,0x001f202e,0x001f3618,0x0032290d,0x00032c3a,0x002c293a,0x00332f32,0x00262f28,0x000d2c22,
  0x00250e11,0x00040536,0x001f2e36,0x00190718,0x00071f18,0x002a3a29,0x002c0d29,0x00020100,0x00050403,0x00050604,
  0x00090807,0x000c0b0a,0x000e060d,0x000c0f0b,0x000a0001,0x00080910,0x00111009,0x00000a0b,0x00111312,0x00081514,
  0x00050d06,0x00041503,0x00041415,0x00111210,0x000c0d0f,0x000d0c0e,0x00081407,0x00020100,0x00050403,0x00080706,
  0x00040903,0x000c0b0a,0x000e000d,0x000b100f,0x00110600,0x00030912,0x000b0c13,0x000d0006,0x00100512,0x000e0200,
  0x00161514,0x0018170c,0x00181917,0x001a020e,0x00110001,0x000f1012,0x00110806,0x00061b0d,0x001b0607,0x000b0f0a,
  0x00150914,0x00161b07,0x00081507,0x00120503,0x00151607,0x00090414,0x000c1713,0x00041614,0x00020100,0x00050403,
  0x00080706,0x000b0a09,0x000e0d0c,0x00100f01,0x00121104,0x00020009,0x0010130f,0x000e140d,0x00060701,0x00040512,
  0x0013150f,0x00151716,0x00031918,0x00190304,0x00100107,0x000f1601,0x00020601,0x001a1819,0x001b0411,0x0011121c,
  0x001d1617,0x00160f15,0x00120a0b,0x001d171c,0x001c121d,0x00201f1e,0x001e0e20,0x001a0c21,0x000e1e14,0x000a1205,
  0x000b0900,0x00161d0b,0x00120b1d,0x00041b19,0x00011600,0x00160b00,0x001a191b,0x00210c0d,0x00181a21,0x0018210d,
  0x00020100,0x00050403,0x00000706,0x00090803,0x00060200,0x000c0b0a,0x000e030d,0x000e0206,0x000f0607,0x000c100b,
  0x00131211,0x0014100c,0x00161514,0x00151817,0x00171014,0x000e0d02,0x000b190a,0x000f050e,0x001a000a,0x000c0a00,
  0x001b0d03,0x001a0a19,0x0008091c,0x001d1112,0x001f1e09,0x00171415,0x00010220,0x001c091e,0x00041f09,0x001d2111,
  0x001e221c,0x001b230d,0x0000010c,0x0001140c,0x00241213,0x00030409,0x000f0e06,0x000e0503,0x000d2302,0x00161401,
  0x0024221e,0x00081b03,0x00022320,0x001f241e,0x00160120,0x0007001a,0x00222413,0x00020100,0x00050403,0x00080706,
  0x000b0a09,0x000e0d0c,0x0010080f,0x000d1211,0x00111304,0x000e1514,0x00021516,0x0017100f,0x00191807,0x000f1a17,
  0x00021601,0x001c001b,0x0002001c,0x0011121d,0x001f1e01,0x00092120,0x001c1402,0x00111d13,0x00052204,0x00252423,
  0x00212620,0x00270d11,0x000b2028,0x000f161a,0x0016291a,0x00070819,0x00011e00,0x00120a1d,0x001e1b00,0x0003132a,
  0x00232621,0x00021415,0x0027290c,0x0022052b,0x00232125,0x000a0b1d,0x00292722,0x000b282a,0x00062c08,0x00101908,
  0x00161529,0x00150c29,0x002b1a22,0x001a2922,0x00042711,0x00030413,0x000b2a13,0x001f012c,0x002b171a,0x00270c0d,
  0x000c150e,0x00202628,0x000b0920,0x00082c0f,0x00061f2c,0x002c160f,0x001d0b13,0x00162c01,0x00222704,0x00020100,
  0x00050403,0x00080706,0x000b0a09,0x000d0c09,0x00100f0e,0x000b110a,0x00141312,0x00171615,0x00010213,0x00051918,
  0x001c1b1a,0x001d0410,0x00201f1e,0x00222120,0x00231418,0x00021f17,0x00211617,0x00070001,0x00262524,0x00292827,
  0x00041d03,0x000a110e,0x00231926,0x00240123,0x00142313,0x001a2a1c,0x000c0b09,0x00181404,0x00001f02,0x00031d2b,
  0x000d292c,0x00150217,0x002d1215,0x00231819,0x00272c29,0x002b1d0b,0x00110b1d,0x001f001e,0x002a1a06,0x00151213,
  0x00251c2a,0x002e1516,0x000f102d,0x00070800,0x00081e00,0x00021513,0x00011323,0x002b0b2f,0x00152e2d,0x00252a24,
  0x00070124,0x00242326,0x002f0c2c,0x000c2f0b,0x000f2d2e,0x00100e11,0x00040518,0x00041412,0x001f2021,0x0006072a,
  0x0007242a,0x001d1011,0x00041210,0x0021171f,0x0010122d,0x000d2c0c,0x00020100,0x00050403,0x00080706,0x000b0a09,
  0x00020d0c,0x00100f0e,0x00041211,0x00151413,0x00161314,0x00050b17,0x00100e18,0x001b1a19,0x001e1d1c,0x000d021f,
  0x00222120,0x00002423,0x00040525,0x0026010c,0x00260c27,0x000d280c,0x00140016,0x00082728,0x0029180e,0x002c2b2a,
  0x001c2d1e,0x00212e20,0x00212f2e,0x002f152e,0x00211f2f,0x00190f1b,0x00020c01,0x00140200,0x00200411,0x000d0728,
  0x000a2e15,0x00222030,0x00311d1e,0x00292232,0x00250517,0x000a0b05,0x0015090a,0x00331e25,0x000f1906,0x0006070f,
  0x00101b0f,0x00312c2a,0x00342324,0x000e070d,0x002e0503,0x00231600,0x000e0d35,0x0033311e,0x00202e03,0x0004252d,
  0x00240126,0x00030420,0x00240001,0x00251e2d,0x001d312a,0x00293218,0x0002142f,0x0014152f,0x000d1f35,0x001f2935,
  0x002d1c12,0x00091513,0x00070828,0x002e0a05,0x000e0f07,0x0035290e,0x00173325,0x0012042d,0x00022f1f,0x000c2827,
  0x00302011,0x00303222,0x00222921,0x00291f21,0x00020100,0x00050403,0x00080706,0x000b0a09,0x000e0d0c,0x00100f05,
  0x00131211,0x00151214,0x00011716,0x000a0b18,0x001a190f,0x001c051b,0x001e111d,0x0020161f,0x00222117,0x00252423,
  0x00182726,0x00270b08,0x00100607,0x0007080b,0x00281514,0x000e290d,0x002a1d11,0x002b2814,0x0010090f,0x002c1a09,
  0x00182d0a,0x00161726,0x00100b09,0x00271f26,0x000f091a,0x001b0503,0x002f2e23,0x00012217,0x002f2d30,0x0003311b,
  0x0033322b,0x00302617,0x000c340e,0x002c321a,0x0027180b,0x00362d35,0x001c1005,0x002a1237,0x00393825,0x00242a37,
  0x002f303a,0x00191a33,0x00200016,0x00302d18,0x00391d38,0x0006101c,0x000d3b0c,0x001d0c3b,0x002c0a36,0x002d2f35,
  0x000b1007,0x00111e13,0x000a2c09,0x002e2f3a,0x00282b32,0x00153635,0x002b143c,0x0012133c,0x00242538,0x00373524,
  0x00000116,0x00282c36,0x0004050f,0x0032331a,0x00040f19,0x00273d1f,0x00263018,0x00212e3a,0x001e1d3b,0x003c1412,
  0x00153712,0x001d340c,0x002c2832,0x002a2438,0x002f2435,0x002d360a,0x00122a11,0x002a381d,0x00153537,0x00172130,
  0x00213a30,0x0016261f,0x00242f23,0x00083d27,0x00201f3d,0x00283615,0x00341d39,0x00020100,0x00050403,0x00080706,
  0x000b0a09,0x000d0b0c,0x00100f0e,0x00041211,0x000d130b,0x00150e14,0x000f1716,0x001a1918,0x001c1a1b,0x001f1e1d,
  0x001f201e,0x00001d1e,0x00210503,0x00231f22,0x00070824,0x001d0001,0x0015250e,0x00282726,0x002b2a29,0x00041103,
  0x000f102c,0x002d2023,0x002e0b09,0x00262f28,0x00312f30,0x00321819,0x001f1d33,0x00353403,0x00362717,0x00381337,
  0x002c3617,0x00390521,0x003b3a1b,0x003c3933,0x00290d2b,0x003d3514,0x00281727,0x0024082d,0x00063e1c,0x0006073e,
  0x003f3130,0x00140f3d,0x00313d16,0x003e0726,0x00242f07,0x000a0b13,0x00392133,0x00233024,0x000f140e,0x00342103,
  0x0031343d,0x003c331d,0x00334022,0x002e0c0b,0x000c2b0d,0x00313f34,0x00402134,0x000d2937,0x00153825,0x001f2320,
  0x00322736,0x000f2c17,0x00281617,0x003d3435,0x000a1441,0x00100e25,0x00120911,0x00350311,0x002d2324,0x00140a15,
  0x00403321,0x001b1a3b,0x00283116,0x0031282f,0x0026072f,0x00343f40,0x003f2240,0x000d3713,0x0013150a,0x001f3322,
  0x003f3022,0x00413511,0x000a4109,0x00411435,0x002f2430,0x00262719,0x001a2619,0x00122e09,0x00110941,0x00381513,
  0x00273219,0x003d0f16,0x00232230,0x001a183b,0x001a1c3e,0x00261a3e,0x00013c1d,0x00020100,0x00050403,0x00080706,
  0x000b0a09,0x000e0d0c,0x0011100f,0x00061312,0x0015140b,0x00070816,0x00180317,0x001a0c19,0x001d1c1b,0x00201f1e,
  0x0020211f,0x00001e1f,0x00132322,0x00241520,0x00262325,0x001e0001,0x00292827,0x002a0e1b,0x002d2c2b,0x00232e25,
  0x002f2625,0x00300806,0x00322731,0x001d3231,0x00201533,0x00340607,0x00163635,0x00053704,0x00391c38,0x003c3b3a,
  0x00242036,0x0023263d,0x00403f3e,0x000b410a,0x002b422d,0x000f320c,0x00374304,0x00083616,0x00330b09,0x00294410,
  0x00212033,0x00121841,0x00181741,0x001a110f,0x00442732,0x00132e23,0x0041170a,0x00361e35,0x000e1d1b,0x00031c17,
  0x002f2d42,0x00411412,0x00300612,0x00422b3c,0x00063413,0x00334521,0x00321d0e,0x002a1b39,0x00171c1d,0x00292744,
  0x00342e13,0x000f1044,0x00150b33,0x000d190c,0x000a1d31,0x001c391b,0x00263a37,0x003b373a,0x002a0d0e,0x001d0a17,
  0x00111a3e,0x00403e1a,0x001c0338,0x00270a31,0x00121430,0x00152430,0x00043803,0x003d2637,0x00230522,0x00090a27,
  0x00220518,0x00050318,0x00360824,0x00083024,0x0037053d,0x00121322,0x0044320f,0x00320e0c,0x00410b14,0x00153014,
  0x00330945,0x00284509,0x0001351e,0x0036201e,0x000f0c1a,0x0019401a,0x002f4226,0x00423a26,0x0005233d,0x00433804,
  0x00280927,0x003b4337,0x00423c3a,0x00181222,0x00020100,0x00050403,0x00050604,0x00090807,0x000c0b0a,0x000e060d,
  0x000c0f0b,0x00021001,0x00080911,0x00121109,0x00000a0b,0x00121413,0x00081615,0x00050d06,0x00041603,0x0000010a,
  0x00041516,0x00121311,0x000c0d0f,0x000d0c0e,0x00001702,0x00171002,0x00081507,0x00020100,0x00050403,0x00070406,
  0x00040506,0x000a0908,0x000d0c0b,0x000f070e,0x00100200,0x000d0b10,0x00090a11,0x00101312,0x00101202,0x0007060e,
  0x000f0914,0x00160215,0x0006050e,0x0017110a,0x00171918,0x00121a15,0x00041b03,0x000b1310,0x001d031c,0x00171811,
  0x001e1c1b,0x000d1000,0x000b0c1c,0x001d0503,0x000c1d1c,0x000f0809,0x0014070f,0x001e130b,0x00151a16,0x001b1c03,
  0x00160102,0x00021215,0x000b1c1e,0x00020100,0x00050403,0x00070106,0x00080503,0x00090304,0x000b0a07,0x000e0d0c,
  0x00100f02,0x00110405,0x00091203,0x00010206,0x00140d13,0x00171615,0x00081918,0x00141b1a,0x00070a01,0x001c060f,
  0x00081105,0x001d0e0c,0x00000116,0x0014171b,0x0015160a,0x0014131e,0x001d1118,0x00130d1f,0x000f0602,0x001a0c0d,
  0x00222120,0x00200922,0x00171423,0x00092012,0x00001723,0x00001002,0x00191f0e,0x0010001e,0x0000231e,0x00190e18,
  0x00170016,0x00151b17,0x00141e23,0x00081811,0x00180e1d,0x00010a16,0x00141a0d,0x000e1f0d,0x00020100,0x00050403,
  0x00080706,0x00010904,0x00010b0a,0x00010400,0x000d0c00,0x00090304,0x000e060a,0x0011100f,0x00131012,0x00161514,
  0x000e0806,0x00081707,0x00131918,0x0016141a,0x001d1c1b,0x001c1e1b,0x001d1819,0x00021d1b,0x0009010a,0x00071f06,
  0x00122019,0x0021110f,0x00181d22,0x00202319,0x0002000c,0x000b021b,0x000c2202,0x00252421,0x000b1b1e,0x0001020b,
  0x00162615,0x00150314,0x00102712,0x0025210f,0x00090a06,0x001f1a14,0x00191312,0x00091403,0x00271011,0x0004050d,
  0x001d0222,0x00091f14,0x00201227,0x00150503,0x001d1923,0x001f0906,0x000e0a28,0x00280b1e,0x00071a1f,0x00280a0b,
  0x00231c1d,0x000d0004,0x00020100,0x00050403,0x00080706,0x000b0a09,0x000e0d0c,0x00100f03,0x00131211,0x00151314,
  0x00181716,0x00110213,0x00191004,0x000f1a07,0x000e090d,0x001d1c1b,0x00201f1e,0x001b1e1f,0x00220a21,0x001f1d1b,
  0x001c1505,0x000a0b23,0x00262524,0x000d090a,0x00020027,0x00012821,0x00270414,0x00141302,0x0007080f,0x00280111,
  0x00042719,0x00271402,0x00290c0d,0x002a0e0c,0x00012300,0x001c1d15,0x002c2b00,0x00242d26,0x00010211,0x00281112,
  0x002e1b1c,0x002d2a0c,0x0008030f,0x000a0121,0x002b1927,0x00181d17,0x001d1815,0x002d242a,0x00080503,0x00292d0c,
  0x002c0023,0x001c0508,0x002e1e1b,0x00290d22,0x0008061c,0x00062e1c,0x00131518,0x00161318,0x002b2700,0x00040515,
  0x00131612,0x00030410,0x000b2c23,0x000a220d,0x0023010a,0x001f171d,0x00151404,0x00020100,0x00050403,0x00070206,
  0x000a0908,0x000c080b,0x0000010d,0x000f0a0e,0x0011100d,0x00031312,0x00150014,0x00160e0a,0x00191817,0x0002151a,
  0x001c111b,0x001e1d1c,0x00111c1d,0x0020101f,0x00201f13,0x00001502,0x00232221,0x00262524,0x000f0327,0x00040528,
  0x002a2923,0x00130414,0x00030413,0x00172b19,0x00201314,0x002c2805,0x00031227,0x00160a2d,0x002f242e,0x001f1213,
  0x002c050e,0x00292a28,0x00242f26,0x000f0503,0x000f090a,0x0011011b,0x002b1706,0x00302f0b,0x002b2219,0x00320931,
  0x00090f31,0x00020701,0x00071b01,0x002c2928,0x002a0428,0x00310f27,0x00162c0e,0x002f2e0b,0x001a1521,0x00212a23,
  0x000a082d,0x000c2d08,0x00050f0e,0x00300b08,0x00083230,0x0021152a,0x00151404,0x0006022b,0x001a212b,0x002b2122,
  0x00093208,0x00111d10,0x00110d01,0x000d2000,0x002b021a,0x00201400,0x000d1020,0x002a1504,0x000b2e0c,0x00020100,
  0x00050403,0x00080706,0x000a0409,0x000d0c0b,0x00100f0e,0x00131211,0x00130912,0x00161514,0x00041209,0x00180c17,
  0x001b1a19,0x000c0d17,0x0013111c,0x000a131d,0x00201f1e,0x00211112,0x00232022,0x00250124,0x00270826,0x00252001,
  0x00142316,0x00270708,0x002a2928,0x000c2c2b,0x002d1205,0x002f0a2e,0x00273130,0x002d3221,0x00190f1b,0x00023127,
  0x00310232,0x0011151c,0x002d3132,0x002c0c18,0x0030310e,0x00260227,0x00340533,0x000b0c2b,0x00010226,0x002b0a1d,
  0x0035100e,0x000f1906,0x0006070f,0x00101b0f,0x00200001,0x00361e1f,0x00111415,0x00320200,0x001e2220,0x000a2b2e,
  0x00242608,0x00051204,0x0034350e,0x000a2f04,0x001f2025,0x000b1d37,0x0009130a,0x0013381d,0x00343335,0x002a2817,
  0x00321421,0x00232216,0x00340e31,0x0038371d,0x002a170d,0x00300f07,0x00072730,0x0038131c,0x002d2112,0x00140023,
  0x00211411,0x000b2b1d,0x00281817,0x002c2e2b,0x002f0304,0x00033305,0x0005342d,0x0034312d,0x000f300e,0x00240126,
  0x00320014,0x00002023,0x00020100,0x00050403,0x00080706,0x000b0a09,0x00010d0c,0x000f0e04,0x00121110,0x00001413,
  0x00171615,0x00001802,0x001a0719,0x000e0f1b,0x001e1d1c,0x0002181f,0x0002050d,0x00222120,0x00142021,0x00241123,
  0x00201425,0x00072606,0x00150013,0x00281527,0x00290806,0x000a2b2a,0x001c1d2c,0x00111e2d,0x002e2810,0x00061f29,
  0x001f2f29,0x002c300b,0x00312312,0x00151317,0x00163127,0x001c321e,0x00353433,0x00001518,0x002f282e,0x0037361b,
  0x00083338,0x00393435,0x00281210,0x003a0c0d,0x00092c0b,0x00053a0d,0x00040526,0x00371b0f,0x001f182f,0x00152818,
  0x001e352d,0x00343833,0x003b1713,0x0039351e,0x000c2501,0x00020d01,0x00151627,0x00282712,0x003c1c2c,0x00260704,
  0x001a370f,0x00081907,0x00293308,0x00070f04,0x0003040e,0x002c093d,0x003d092a,0x0026051f,0x001e111d,0x00302c1d,
  0x00021f05,0x00011400,0x00321c3c,0x001d2430,0x00071a0f,0x001f0626,0x00140125,0x003d3c2c,0x0035292e,0x002e102d,
  0x00111223,0x00122731,0x00391e32,0x00112d10,0x00213b14,0x003b1314,0x00083819,0x000a2a09,0x00292f2e,0x00293533,
  0x00241d11,0x00352e2d,0x0005033a,0x002f1828,0x00020100,0x00050403,0x00080706,0x000b0a09,0x000e0d0c,0x00070f0a,
  0x00121110,0x00151413,0x00171615,0x00111218,0x00111910,0x00171513,0x001c1b1a,0x001c1d1b,0x00001a1b,0x00201f1e,
  0x00221221,0x00070823,0x00131c1a,0x0025241f,0x0026090f,0x00292827,0x000c0d2a,0x00262221,0x002c1d2b,0x00122218,
  0x00260f22,0x002e0b2d,0x00302f0d,0x00333231,0x00191634,0x00043303,0x00351f32,0x002b1c14,0x00151911,0x0037362d,
  0x000f3822,0x00273029,0x001e2434,0x000e300d,0x0023082c,0x000f090a,0x00070a06,0x00372d0b,0x00121025,0x00253912,
  0x00102425,0x0007380f,0x000c2a20,0x00241e1f,0x00241019,0x00123921,0x0018233a,0x00182238,0x00151114,0x000b2e0a,
  0x003b1713,0x002e060a,0x003c310d,0x000e2930,0x0030272f,0x00313c3d,0x001c2b1d,0x003f263e,0x0040053e,0x003e2640,
  0x003d3331,0x00054004,0x003d0333,0x00232b3a,0x003a1118,0x002c2b23,0x003f0926,0x001f202a,0x002b143a,0x00191516,
  0x00131a3b,0x0009410b,0x0041370b,0x001c1314,0x00262140,0x003c0d2f,0x00193424,0x0000011a,0x00013b1a,0x00333532,
  0x002a3132,0x00353304,0x003f4109,0x002a0d31,0x001f2a32,0x00393504,0x003a1411,0x00044039,0x00402139,0x001f3525,
  0x00353925,0x00072338,0x00231838,0x00020100,0x00050403,0x00040706,0x000a0908,0x000d0c0b,0x00100f0e,0x00120811,
  0x00151413,0x00181716,0x001b1a19,0x001b1d1c,0x00201f1e,0x00232221,0x00232422,0x00002122,0x00260925,0x00232827,
  0x00032905,0x002b272a,0x002e2d2c,0x00302f1c,0x00333231,0x00363534,0x0013142a,0x000c2e2c,0x0030142f,0x002f371c,
  0x003a3938,0x00120a08,0x00163b18,0x003c0334,0x003e3d37,0x003f0a12,0x00202728,0x001e3f12,0x0041403a,0x000d420c,
  0x00314233,0x00090a25,0x00363403,0x003d3603,0x000f3839,0x00353608,0x00413a38,0x00131e15,0x0015433e,0x00443010,
  0x00441430,0x00092635,0x001b380f,0x000e4510,0x00422e0c,0x003e4311,0x00441045,0x0046183b,0x001f2028,0x00470b0c,
  0x000d3342,0x0042312e,0x001d1b0f,0x00232724,0x002b2a48,0x00484445,0x001b491a,0x003f1617,0x00493706,0x0010300f,
  0x00350809,0x0013201e,0x00114312,0x000c3c47,0x003b2146,0x00390e0f,0x00194138,0x000f301d,0x00372f3e,0x001c491b,
  0x004a1a49,0x00370406,0x00473c34,0x00381b19,0x0043151e,0x001e1243,0x00361108,0x00233b28,0x003b1628,0x004a0607,
  0x004a4906,0x00354734,0x003d0304,0x00000121,0x00014621,0x003f1e1f,0x00491c37,0x003f174b,0x000a3f4b,0x003c2903,
  0x003d0437,0x000c2c3c,0x002d293c,0x00301c1d,0x003d3e11,0x004b250a,0x00363d11,0x0014152f,0x00153e2f,0x0028161f,
  0x00163f1f,0x00264735,0x00050704,0x003b2321,0x00442a14,0x00482a44,0x00272013,0x00132a27,0x002b2427,0x00260b47,
  0x002d3c2c,0x00020100,0x00040302,0x00030102,0x00030501,0x00070604,0x00060304,0x00060803,0x00080503,0x00080905,
  0x000b0a07,0x000a0607,0x000a0c06,0x000c0806,0x000c0d08,0x000d0908,0x000d0e09,0x00100f0b,0x000f0a0b,0x000f110a,
  0x00110c0a,0x0011120c,0x00120d0c,0x0012130d,0x00130e0d,0x0013140e,0x00161510,0x00150f10,0x0015170f,0x0017110f,
  0x00171811,0x00181211,0x00181912,0x00191312,0x00191a13,0x001a1413,0x001a1b14,0x001d1c16,0x001c1516,0x001c1e15,
  0x001e1715,0x001e1f17,0x001f1817,0x001f2018,0x00201918,0x00202119,0x00211a19,0x0021221a,0x00221b1a,0x0022231b,
  0x0025241d,0x00241c1d,0x0024261c,0x00261e1c,0x0026271e,0x00271f1e,0x0027281f,0x0028201f,0x00282920,0x00292120,
  0x00292a21,0x002a2221,0x002a2b22,0x002b2322,0x002b2c23,0x002e2d25,0x002d2425,0x002d2f24,0x002f2624,0x002f3026,
  0x00302726,0x00303127,0x00312827,0x00313228,0x00322928,0x00323329,0x00332a29,0x0033342a,0x00342b2a,0x0034352b,
  0x00352c2b,0x0035362c,0x0038372e,0x00372d2e,0x0037392d,0x00392f2d,0x00393a2f,0x003a302f,0x003a3b30,0x003b3130,
  0x003b3c31,0x003c3231,0x003c3d32,0x003d3332,0x003d3e33,0x003e3433,0x003e3f34,0x003f3534,0x003f4035,0x00403635,
  0x00404136,0x00434238,0x00423738,0x00424437,0x00443937,0x00444539,0x00453a39,0x0045463a,0x00463b3a,0x0046473b,
  0x00473c3b,0x0047483c,0x00483d3c,0x0048493d,0x00493e3d,0x00494a3e,0x004a3f3e,0x004a4b3f,0x004b403f,0x004b4c40,
  0x004c4140,0x004c4d41
];

/// Per-config entries, 4 `u16` each in raw (x>=y>=z) order:
/// `[first_triangle, first_vertex, num_triangles, num_vertices]`.
#[rustfmt::skip]
pub static CONFIGS: [u16; 1144] = [
  // config: 0 - 1 1 1
  0, 0, 1, 3,
  // config: 1 - 2 1 1
  1, 3, 2, 4,
  // config: 2 - 2 2 1
  3, 7, 3, 5,
  // config: 3 - 2 2 2
  6, 12, 4, 6,
  // config: 4 - 3 1 1
  10, 18, 3, 5,
  // config: 5 - 3 2 1
  13, 23, 4, 6,
  // config: 6 - 3 2 2
  17, 29, 7, 8,
  // config: 7 - 3 3 1
  24, 37, 5, 7,
  // config: 8 - 3 3 2
  29, 44, 8, 9,
  // config: 9 - 3 3 3
  37, 53, 9, 10,
  // config: 10 - 4 1 1
  46, 63, 4, 6,
  // config: 11 - 4 2 1
  50, 69, 5, 7,
  // config: 12 - 4 2 2
  55, 76, 6, 8,
  // config: 13 - 4 3 1
  61, 84, 6, 8,
  // config: 14 - 4 3 2
  67, 92, 9, 10,
  // config: 15 - 4 3 3
  76, 102, 14, 13,
  // config: 16 - 4 4 1
  90, 115, 7, 9,
  // config: 17 - 4 4 2
  97, 124, 10, 11,
  // config: 18 - 4 4 3
  107, 135, 13, 13,
  // config: 19 - 4 4 4
  120, 148, 16, 15,
  // config: 20 - 5 1 1
  136, 163, 5, 7,
  // config: 21 - 5 2 1
  141, 170, 6, 8,
  // config: 22 - 5 2 2
  147, 178, 7, 9,
  // config: 23 - 5 3 1
  154, 187, 7, 9,
  // config: 24 - 5 3 2
  161, 196, 8, 10,
  // config: 25 - 5 3 3
  169, 206, 11, 12,
  // config: 26 - 5 4 1
  180, 218, 8, 10,
  // config: 27 - 5 4 2
  188, 228, 11, 12,
  // config: 28 - 5 4 3
  199, 240, 18, 16,
  // config: 29 - 5 4 4
  217, 256, 21, 18,
  // config: 30 - 5 5 1
  238, 274, 11, 12,
  // config: 31 - 5 5 2
  249, 286, 12, 13,
  // config: 32 - 5 5 3
  261, 299, 19, 17,
  // config: 33 - 5 5 4
  280, 316, 20, 18,
  // config: 34 - 5 5 5
  300, 334, 25, 21,
  // config: 35 - 6 1 1
  325, 355, 6, 8,
  // config: 36 - 6 2 1
  331, 363, 7, 9,
  // config: 37 - 6 2 2
  338, 372, 8, 10,
  // config: 38 - 6 3 1
  346, 382, 8, 10,
  // config: 39 - 6 3 2
  354, 392, 9, 11,
  // config: 40 - 6 3 3
  363, 403, 10, 12,
  // config: 41 - 6 4 1
  373, 415, 9, 11,
  // config: 42 - 6 4 2
  382, 426, 10, 12,
  // config: 43 - 6 4 3
  392, 438, 17, 16,
  // config: 44 - 6 4 4
  409, 454, 22, 19,
  // config: 45 - 6 5 1
  431, 473, 10, 12,
  // config: 46 - 6 5 2
  441, 485, 15, 15,
  // config: 47 - 6 5 3
  456, 500, 20, 18,
  // config: 48 - 6 5 4
  476, 518, 27, 22,
  // config: 49 - 6 5 5
  503, 540, 30, 24,
  // config: 50 - 6 6 1
  533, 564, 11, 13,
  // config: 51 - 6 6 2
  544, 577, 16, 16,
  // config: 52 - 6 6 3
  560, 593, 23, 20,
  // config: 53 - 6 6 4
  583, 613, 30, 24,
  // config: 54 - 6 6 5
  613, 637, 31, 25,
  // config: 55 - 6 6 6
  644, 662, 36, 28,
  // config: 56 - 7 1 1
  680, 690, 7, 9,
  // config: 57 - 7 2 1
  687, 699, 8, 10,
  // config: 58 - 7 2 2
  695, 709, 9, 11,
  // config: 59 - 7 3 1
  704, 720, 9, 11,
  // config: 60 - 7 3 2
  713, 731, 10, 12,
  // config: 61 - 7 3 3
  723, 743, 11, 13,
  // config: 62 - 7 4 1
  734, 756, 10, 12,
  // config: 63 - 7 4 2
  744, 768, 11, 13,
  // config: 64 - 7 4 3
  755, 781, 12, 14,
  // config: 65 - 7 4 4
  767, 795, 19, 18,
  // config: 66 - 7 5 1
  786, 813, 11, 13,
  // config: 67 - 7 5 2
  797, 826, 12, 14,
  // config: 68 - 7 5 3
  809, 840, 19, 18,
  // config: 69 - 7 5 4
  828, 858, 26, 22,
  // config: 70 - 7 5 5
  854, 880, 35, 27,
  // config: 71 - 7 6 1
  889, 907, 12, 14,
  // config: 72 - 7 6 2
  901, 921, 19, 18,
  // config: 73 - 7 6 3
  920, 939, 24, 21,
  // config: 74 - 7 6 4
  944, 960, 31, 25,
  // config: 75 - 7 6 5
  975, 985, 38, 29,
  // config: 76 - 7 6 6
  1013, 1014, 41, 31,
  // config: 77 - 7 7 1
  1054, 1045, 13, 15,
  // config: 78 - 7 7 2
  1067, 1060, 20, 19,
  // config: 79 - 7 7 3
  1087, 1079, 25, 22,
  // config: 80 - 7 7 4
  1112, 1101, 38, 29,
  // config: 81 - 7 7 5
  1150, 1130, 35, 28,
  // config: 82 - 7 7 6
  1185, 1158, 42, 32,
  // config: 83 - 7 7 7
  1227, 1190, 49, 36,
  // config: 84 - 8 1 1
  1276, 1226, 8, 10,
  // config: 85 - 8 2 1
  1284, 1236, 9, 11,
  // config: 86 - 8 2 2
  1293, 1247, 10, 12,
  // config: 87 - 8 3 1
  1303, 1259, 10, 12,
  // config: 88 - 8 3 2
  1313, 1271, 11, 13,
  // config: 89 - 8 3 3
  1324, 1284, 12, 14,
  // config: 90 - 8 4 1
  1336, 1298, 11, 13,
  // config: 91 - 8 4 2
  1347, 1311, 12, 14,
  // config: 92 - 8 4 3
  1359, 1325, 13, 15,
  // config: 93 - 8 4 4
  1372, 1340, 14, 16,
  // config: 94 - 8 5 1
  1386, 1356, 12, 14,
  // config: 95 - 8 5 2
  1398, 1370, 13, 15,
  // config: 96 - 8 5 3
  1411, 1385, 14, 16,
  // config: 97 - 8 5 4
  1425, 1401, 21, 20,
  // config: 98 - 8 5 5
  1446, 1421, 32, 26,
  // config: 99 - 8 6 1
  1478, 1447, 13, 15,
  // config: 100 - 8 6 2
  1491, 1462, 14, 16,
  // config: 101 - 8 6 3
  1505, 1478, 23, 21,
  // config: 102 - 8 6 4
  1528, 1499, 30, 25,
  // config: 103 - 8 6 5
  1558, 1524, 37, 29,
  // config: 104 - 8 6 6
  1595, 1553, 42, 32,
  // config: 105 - 8 7 1
  1637, 1585, 14, 16,
  // config: 106 - 8 7 2
  1651, 1601, 21, 20,
  // config: 107 - 8 7 3
  1672, 1621, 28, 24,
  // config: 108 - 8 7 4
  1700, 1645, 37, 29,
  // config: 109 - 8 7 5
  1737, 1674, 40, 31,
  // config: 110 - 8 7 6
  1777, 1705, 47, 35,
  // config: 111 - 8 7 7
  1824, 1740, 60, 42,
  // config: 112 - 8 8 1
  1884, 1782, 17, 18,
  // config: 113 - 8 8 2
  1901, 1800, 24, 22,
  // config: 114 - 8 8 3
  1925, 1822, 31, 26,
  // config: 115 - 8 8 4
  1956, 1848, 36, 29,
  // config: 116 - 8 8 5
  1992, 1877, 49, 36,
  // config: 117 - 8 8 6
  2041, 1913, 52, 38,
  // config: 118 - 8 8 7
  2093, 1951, 57, 41,
  // config: 119 - 8 8 8
  2150, 1992, 64, 45,
  // config: 120 - 9 1 1
  2214, 2037, 9, 11,
  // config: 121 - 9 2 1
  2223, 2048, 10, 12,
  // config: 122 - 9 2 2
  2233, 2060, 11, 13,
  // config: 123 - 9 3 1
  2244, 2073, 11, 13,
  // config: 124 - 9 3 2
  2255, 2086, 12, 14,
  // config: 125 - 9 3 3
  2267, 2100, 13, 15,
  // config: 126 - 9 4 1
  2280, 2115, 12, 14,
  // config: 127 - 9 4 2
  2292, 2129, 13, 15,
  // config: 128 - 9 4 3
  2305, 2144, 14, 16,
  // config: 129 - 9 4 4
  2319, 2160, 15, 17,
  // config: 130 - 9 5 1
  2334, 2177, 13, 15,
  // config: 131 - 9 5 2
  2347, 2192, 14, 16,
  // config: 132 - 9 5 3
  2361, 2208, 15, 17,
  // config: 133 - 9 5 4
  2376, 2225, 16, 18,
  // config: 134 - 9 5 5
  2392, 2243, 29, 25,
  // config: 135 - 9 6 1
  2421, 2268, 14, 16,
  // config: 136 - 9 6 2
  2435, 2284, 15, 17,
  // config: 137 - 9 6 3
  2450, 2301, 16, 18,
  // config: 138 - 9 6 4
  2466, 2319, 25, 23,
  // config: 139 - 9 6 5
  2491, 2342, 38, 30,
  // config: 140 - 9 6 6
  2529, 2372, 43, 33,
  // config: 141 - 9 7 1
  2572, 2405, 15, 17,
  // config: 142 - 9 7 2
  2587, 2422, 16, 18,
  // config: 143 - 9 7 3
  2603, 2440, 25, 23,
  // config: 144 - 9 7 4
  2628, 2463, 38, 30,
  // config: 145 - 9 7 5
  2666, 2493, 43, 33,
  // config: 146 - 9 7 6
  2709, 2526, 52, 38,
  // config: 147 - 9 7 7
  2761, 2564, 55, 40,
  // config: 148 - 9 8 1
  2816, 2604, 16, 18,
  // config: 149 - 9 8 2
  2832, 2622, 25, 23,
  // config: 150 - 9 8 3
  2857, 2645, 30, 26,
  // config: 151 - 9 8 4
  2887, 2671, 39, 31,
  // config: 152 - 9 8 5
  2926, 2702, 46, 35,
  // config: 153 - 9 8 6
  2972, 2737, 55, 40,
  // config: 154 - 9 8 7
  3027, 2777, 68, 47,
  // config: 155 - 9 8 8
  3095, 2824, 67, 47,
  // config: 156 - 9 9 1
  3162, 2871, 19, 20,
  // config: 157 - 9 9 2
  3181, 2891, 28, 25,
  // config: 158 - 9 9 3
  3209, 2916, 37, 30,
  // config: 159 - 9 9 4
  3246, 2946, 46, 35,
  // config: 160 - 9 9 5
  3292, 2981, 51, 38,
  // config: 161 - 9 9 6
  3343, 3019, 60, 43,
  // config: 162 - 9 9 7
  3403, 3062, 71, 49,
  // config: 163 - 9 9 8
  3474, 3111, 82, 55,
  // config: 164 - 9 9 9
  3556, 3166, 81, 55,
  // config: 165 - 10 1 1
  3637, 3221, 10, 12,
  // config: 166 - 10 2 1
  3647, 3233, 11, 13,
  // config: 167 - 10 2 2
  3658, 3246, 12, 14,
  // config: 168 - 10 3 1
  3670, 3260, 12, 14,
  // config: 169 - 10 3 2
  3682, 3274, 13, 15,
  // config: 170 - 10 3 3
  3695, 3289, 14, 16,
  // config: 171 - 10 4 1
  3709, 3305, 13, 15,
  // config: 172 - 10 4 2
  3722, 3320, 14, 16,
  // config: 173 - 10 4 3
  3736, 3336, 15, 17,
  // config: 174 - 10 4 4
  3751, 3353, 16, 18,
  // config: 175 - 10 5 1
  3767, 3371, 14, 16,
  // config: 176 - 10 5 2
  3781, 3387, 15, 17,
  // config: 177 - 10 5 3
  3796, 3404, 16, 18,
  // config: 178 - 10 5 4
  3812, 3422, 17, 19,
  // config: 179 - 10 5 5
  3829, 3441, 18, 20,
  // config: 180 - 10 6 1
  3847, 3461, 15, 17,
  // config: 181 - 10 6 2
  3862, 3478, 16, 18,
  // config: 182 - 10 6 3
  3878, 3496, 17, 19,
  // config: 183 - 10 6 4
  3895, 3515, 18, 20,
  // config: 184 - 10 6 5
  3913, 3535, 31, 27,
  // config: 185 - 10 6 6
  3944, 3562, 38, 31,
  // config: 186 - 10 7 1
  3982, 3593, 16, 18,
  // config: 187 - 10 7 2
  3998, 3611, 17, 19,
  // config: 188 - 10 7 3
  4015, 3630, 18, 20,
  // config: 189 - 10 7 4
  4033, 3650, 31, 27,
  // config: 190 - 10 7 5
  4064, 3677, 40, 32,
  // config: 191 - 10 7 6
  4104, 3709, 51, 38,
  // config: 192 - 10 7 7
  4155, 3747, 60, 43,
  // config: 193 - 10 8 1
  4215, 3790, 17, 19,
  // config: 194 - 10 8 2
  4232, 3809, 18, 20,
  // config: 195 - 10 8 3
  4250, 3829, 29, 26,
  // config: 196 - 10 8 4
  4279, 3855, 38, 31,
  // config: 197 - 10 8 5
  4317, 3886, 53, 39,
  // config: 198 - 10 8 6
  4370, 3925, 58, 42,
  // config: 199 - 10 8 7
  4428, 3967, 71, 49,
  // config: 200 - 10 8 8
  4499, 4016, 76, 52,
  // config: 201 - 10 9 1
  4575, 4068, 18, 20,
  // config: 202 - 10 9 2
  4593, 4088, 27, 25,
  // config: 203 - 10 9 3
  4620, 4113, 36, 30,
  // config: 204 - 10 9 4
  4656, 4143, 47, 36,
  // config: 205 - 10 9 5
  4703, 4179, 56, 41,
  // config: 206 - 10 9 6
  4759, 4220, 65, 46,
  // config: 207 - 10 9 7
  4824, 4266, 72, 50,
  // config: 208 - 10 9 8
  4896, 4316, 79, 54,
  // config: 209 - 10 9 9
  4975, 4370, 90, 60,
  // config: 210 - 10 10 1
  5065, 4430, 21, 22,
  // config: 211 - 10 10 2
  5086, 4452, 32, 28,
  // config: 212 - 10 10 3
  5118, 4480, 39, 32,
  // config: 213 - 10 10 4
  5157, 4512, 52, 39,
  // config: 214 - 10 10 5
  5209, 4551, 63, 45,
  // config: 215 - 10 10 6
  5272, 4596, 66, 47,
  // config: 216 - 10 10 7
  5338, 4643, 71, 50,
  // config: 217 - 10 10 8
  5409, 4693, 82, 56,
  // config: 218 - 10 10 9
  5491, 4749, 97, 64,
  // config: 219 - 10 10 10
  5588, 4813, 100, 66,
  // config: 220 - 11 1 1
  5688, 4879, 11, 13,
  // config: 221 - 11 2 1
  5699, 4892, 12, 14,
  // config: 222 - 11 2 2
  5711, 4906, 13, 15,
  // config: 223 - 11 3 1
  5724, 4921, 13, 15,
  // config: 224 - 11 3 2
  5737, 4936, 14, 16,
  // config: 225 - 11 3 3
  5751, 4952, 15, 17,
  // config: 226 - 11 4 1
  5766, 4969, 14, 16,
  // config: 227 - 11 4 2
  5780, 4985, 15, 17,
  // config: 228 - 11 4 3
  5795, 5002, 16, 18,
  // config: 229 - 11 4 4
  5811, 5020, 17, 19,
  // config: 230 - 11 5 1
  5828, 5039, 15, 17,
  // config: 231 - 11 5 2
  5843, 5056, 16, 18,
  // config: 232 - 11 5 3
  5859, 5074, 17, 19,
  // config: 233 - 11 5 4
  5876, 5093, 18, 20,
  // config: 234 - 11 5 5
  5894, 5113, 19, 21,
  // config: 235 - 11 6 1
  5913, 5134, 16, 18,
  // config: 236 - 11 6 2
  5929, 5152, 17, 19,
  // config: 237 - 11 6 3
  5946, 5171, 18, 20,
  // config: 238 - 11 6 4
  5964, 5191, 19, 21,
  // config: 239 - 11 6 5
  5983, 5212, 20, 22,
  // config: 240 - 11 6 6
  6003, 5234, 35, 30,
  // config: 241 - 11 7 1
  6038, 5264, 17, 19,
  // config: 242 - 11 7 2
  6055, 5283, 18, 20,
  // config: 243 - 11 7 3
  6073, 5303, 19, 21,
  // config: 244 - 11 7 4
  6092, 5324, 20, 22,
  // config: 245 - 11 7 5
  6112, 5346, 35, 30,
  // config: 246 - 11 7 6
  6147, 5376, 48, 37,
  // config: 247 - 11 7 7
  6195, 5413, 55, 41,
  // config: 248 - 11 8 1
  6250, 5454, 18, 20,
  // config: 249 - 11 8 2
  6268, 5474, 19, 21,
  // config: 250 - 11 8 3
  6287, 5495, 20, 22,
  // config: 251 - 11 8 4
  6307, 5517, 33, 29,
  // config: 252 - 11 8 5
  6340, 5546, 48, 37,
  // config: 253 - 11 8 6
  6388, 5583, 61, 44,
  // config: 254 - 11 8 7
  6449, 5627, 76, 52,
  // config: 255 - 11 8 8
  6525, 5679, 79, 54,
  // config: 256 - 11 9 1
  6604, 5733, 19, 21,
  // config: 257 - 11 9 2
  6623, 5754, 20, 22,
  // config: 258 - 11 9 3
  6643, 5776, 33, 29,
  // config: 259 - 11 9 4
  6676, 5805, 44, 35,
  // config: 260 - 11 9 5
  6720, 5840, 53, 40,
  // config: 261 - 11 9 6
  6773, 5880, 64, 46,
  // config: 262 - 11 9 7
  6837, 5926, 79, 54,
  // config: 263 - 11 9 8
  6916, 5980, 84, 57,
  // config: 264 - 11 9 9
  7000, 6037, 87, 59,
  // config: 265 - 11 10 1
  7087, 6096, 20, 22,
  // config: 266 - 11 10 2
  7107, 6118, 31, 28,
  // config: 267 - 11 10 3
  7138, 6146, 42, 34,
  // config: 268 - 11 10 4
  7180, 6180, 47, 37,
  // config: 269 - 11 10 5
  7227, 6217, 62, 45,
  // config: 270 - 11 10 6
  7289, 6262, 67, 48,
  // config: 271 - 11 10 7
  7356, 6310, 78, 54,
  // config: 272 - 11 10 8
  7434, 6364, 93, 62,
  // config: 273 - 11 10 9
  7527, 6426, 100, 66,
  // config: 274 - 11 10 10
  7627, 6492, 107, 70,
  // config: 275 - 11 11 1
  7734, 6562, 23, 24,
  // config: 276 - 11 11 2
  7757, 6586, 36, 31,
  // config: 277 - 11 11 3
  7793, 6617, 45, 36,
  // config: 278 - 11 11 4
  7838, 6653, 54, 41,
  // config: 279 - 11 11 5
  7892, 6694, 65, 47,
  // config: 280 - 11 11 6
  7957, 6741, 72, 51,
  // config: 281 - 11 11 7
  8029, 6792, 83, 57,
  // config: 282 - 11 11 8
  8112, 6849, 92, 62,
  // config: 283 - 11 11 9
  8204, 6911, 99, 66,
  // config: 284 - 11 11 10
  8303, 6977, 118, 76,
  // config: 285 - 11 11 11
  8421, 7053, 121, 78

];

